VPN,k,trial,seed_id,syn_count,deflection_siz,deflection_soma,group_size
LC4,1,1,720575940628454522,28,4.3632029408455395,2.4669785328934637,2
LC4,1,2,720575940618807105,23,3.564822515534871,2.0172684130112657,2
LC4,1,3,720575940630851036,25,3.932607439078623,2.222689448962228,2
LC4,1,4,720575940625038090,22,3.3998435301365078,1.9244210742698584,2
LC4,1,5,720575940618676440,30,4.6312523598348605,2.6185847584758903,2
LC4,1,6,720575940633580384,23,3.566733184895213,2.017925463744831,2
LC4,1,7,720575940617266722,26,4.011241808304504,2.26930461212568,2
LC4,1,8,720575940625934973,29,4.407539776587754,2.494840678414164,2
LC4,1,9,720575940615053580,8,1.3070773921592291,0.7387726584563836,2
LC4,1,10,720575940615462587,18,2.818588152081105,1.5949298822167606,2
LC4,1,11,720575940620795728,22,3.4311410866653063,1.9411904830147506,2
LC4,1,12,720575940624111763,23,3.5975011795380567,2.0346045831780515,2
LC4,1,13,720575940634517856,18,2.8857085827136615,1.630692883048951,2
LC4,1,14,720575940612518055,36,5.426296381135273,3.0700199342965817,2
LC4,1,15,720575940618723749,21,3.27798647854506,1.854361432825982,2
LC4,1,16,720575940630998339,13,2.1133495585965107,1.1939986745648241,2
LC4,1,17,720575940612580977,20,3.1502122521926594,1.781395071772664,2
LC4,1,18,720575940649229433,27,4.160392585796217,2.3539424478333473,2
LC4,1,19,720575940615127227,28,4.351848389832568,2.460292261561719,2
LC4,1,20,720575940627519107,25,3.9422093001507363,2.2276792568950157,2
LC4,2,1,720575940631338271,37,5.485456405414396,3.106375760627344,3
LC4,2,2,720575940615053580,23,3.5710046087191216,2.0203644052302394,3
LC4,2,3,720575940610522009,39,5.75344301987559,3.25822490685195,3
LC4,2,4,720575940625991043,41,6.084360782209643,3.444735395255833,3
LC4,2,5,720575940628064260,60,8.507135507703097,4.8164804215335835,3
LC4,2,6,720575940617266722,38,5.682213874639359,3.215731012275299,3
LC4,2,7,720575940625038090,38,5.646517972790022,3.1969830423167878,3
LC4,2,8,720575940616713355,37,5.46599297568865,3.0961268389111183,3
LC4,2,9,720575940605598892,33,4.990569045479745,2.8243532200442303,3
LC4,2,10,720575940628699560,43,6.386452694334395,3.6133003783752997,3
LC4,2,11,720575940612518055,48,6.972678421740071,3.947797530198571,3
LC4,2,12,720575940617176321,40,5.873444911629434,3.3268456110689613,3
LC4,2,13,720575940615462587,29,4.393138116472429,2.4872999008890844,3
LC4,2,14,720575940626605200,35,5.300417299394894,2.9987940533968356,3
LC4,2,15,720575940622939836,36,5.535216263837739,3.128082101922928,3
LC4,2,16,720575940624017251,38,5.599414971627439,3.1722289125100644,3
LC4,2,17,720575940632769180,36,5.498499016875513,3.1088740365429572,3
LC4,2,18,720575940638456227,31,4.703351047643409,2.6618003678008932,3
LC4,2,19,720575940622531767,17,2.698566157707134,1.5259050462382504,3
LC4,2,20,720575940614572742,56,7.939318898172786,4.49912628904093,3
LC4,3,1,720575940614572742,81,10.811229981343004,6.1290762552212925,4
LC4,3,2,720575940613260959,74,10.098748681481325,5.721289461527903,4
LC4,3,3,720575940630484495,33,5.063215622344728,2.8626178444843475,4
LC4,3,4,720575940615462587,34,5.098704071992373,2.8866570019699083,4
LC4,3,5,720575940622531767,32,4.849017497474605,2.7440563573542676,4
LC4,3,6,720575940630851036,47,6.976114059885148,3.945020298996198,4
LC4,3,7,720575940618002644,30,4.6249587290572975,2.6152806212738966,4
LC4,3,8,720575940628081541,52,7.509577045948873,4.252134082464039,4
LC4,3,9,720575940628454522,67,9.381072341764494,5.310483921367791,4
LC4,3,10,720575940628064260,72,9.901671233350491,5.607656696802849,4
LC4,3,11,720575940624017251,41,5.998521871820856,3.398321648672919,4
LC4,3,12,720575940615127227,56,8.028131266049343,4.544831604752005,4
LC4,3,13,720575940605598892,39,5.818797821604065,3.293188595041343,4
LC4,3,14,720575940619397542,48,6.908880679973677,3.9144433680884134,4
LC4,3,15,720575940628462340,82,11.008344899264166,6.2368256156434825,4
LC4,3,16,720575940625991043,58,8.21723996688857,4.654872633755346,4
LC4,3,17,720575940626605200,44,6.464738207662592,3.660102251250308,4
LC4,3,18,720575940618312606,41,6.0257014018250885,3.412538732559213,4
LC4,3,19,720575940615575007,68,9.347585266529592,5.2977840436777655,4
LC4,3,20,720575940625038090,55,7.853767474779772,4.448018605920595,4
LC4,4,1,720575940627519107,72,9.832395352346452,5.571681817541418,5
LC4,4,2,720575940616713355,56,7.802006554766834,4.425153875357907,5
LC4,4,3,720575940622939836,69,9.717193912498452,5.49605642058502,5
LC4,4,4,720575940624017251,66,9.093088831557125,5.1546580257414405,5
LC4,4,5,720575940613256863,67,9.342567543865442,5.29021734045206,5
LC4,4,6,720575940617026260,67,9.20076544952812,5.215495624432236,5
LC4,4,7,720575940625038090,79,10.569065897041035,5.992432534460775,5
LC4,4,8,720575940640612480,52,7.635022716690941,4.317354038187304,5
LC4,4,9,720575940630484495,42,6.32053112302664,3.57356969287045,5
LC4,4,10,720575940618807105,49,7.1168059988232955,4.029417675500127,5
LC4,4,11,720575940614914107,63,8.985177148823979,5.082394394767093,5
LC4,4,12,720575940619397542,60,8.392467810381746,4.755988522228947,5
LC4,4,13,720575940628064260,88,11.610311584226494,6.579311607081181,5
LC4,4,14,720575940638496720,51,7.522667947150509,4.252982956974336,5
LC4,4,15,720575940612580977,50,7.254377678605394,4.106534859187889,5
LC4,4,16,720575940630851036,57,8.240044528139052,4.660876150967326,5
LC4,4,17,720575940617176321,70,9.634720238632703,5.457986620316078,5
LC4,4,18,720575940626916936,58,8.378088205365643,4.7383196701388925,5
LC4,4,19,720575940611134833,82,10.932179397052472,6.196635599858013,5
LC4,4,20,720575940618312606,50,7.186983025966086,4.0710449010234555,5
LC4,5,1,720575940615053580,58,8.075246074511696,4.579501867808617,6
LC4,5,2,720575940622108001,105,13.260631042513836,7.521494089960662,6
LC4,5,3,720575940615575007,98,12.564281866979442,7.124536635058007,6
LC4,5,4,720575940627519107,83,10.989963902721762,6.231415146148777,6
LC4,5,5,720575940626626895,80,10.541024811459643,5.982942425146788,6
LC4,5,6,720575940625038090,86,11.31305912424699,6.41518762542249,6
LC4,5,7,720575940630998339,50,7.2810830952527965,4.120890801237223,6
LC4,5,8,720575940628454522,95,12.273991014394298,6.959980360422534,6
LC4,5,9,720575940618723749,61,8.464612992731801,4.798849890116784,6
LC4,5,10,720575940615462587,48,6.916732312805891,3.9185160845845104,6
LC4,5,11,720575940619397542,83,10.899947958211236,6.184932952347893,6
LC4,5,12,720575940613256863,84,11.204685162717652,6.348697243942254,6
LC4,5,13,720575940622531767,54,7.684901933471522,4.353601714694335,6
LC4,5,14,720575940615127227,91,11.816879609845927,6.70187888097287,6
LC4,5,15,720575940617266722,82,10.756231124444682,6.104915930395947,6
LC4,5,16,720575940628699560,94,12.295139993178196,6.965349462661692,6
LC4,5,17,720575940622939836,79,10.831284293208824,6.128510560303738,6
LC4,5,18,720575940616713355,68,9.166560721989597,5.202321983473368,6
LC4,5,19,720575940624111763,76,10.393293741618855,5.884964201080919,6
LC4,5,20,720575940638456227,64,8.743705878169905,4.9603609362325045,6
LC4,6,1,720575940629753807,79,10.526785319824405,5.970194328736881,7
LC4,6,2,720575940611134833,113,13.919944760763876,7.9010447493739875,7
LC4,6,3,720575940618312606,78,10.435767924807855,5.917709225680497,7
LC4,6,4,720575940625991043,91,11.882386119159982,6.736716650403167,7
LC4,6,5,720575940618676440,92,11.909521760322377,6.754737476200589,7
LC4,6,6,720575940618807105,96,12.444874621911609,7.0533919274447925,7
LC4,6,7,720575940614572742,127,15.30062486785581,8.681816366294463,7
LC4,6,8,720575940633580384,88,11.386513772428309,6.4632897600203165,7
LC4,6,9,720575940628454522,117,14.344989797952486,8.140761715813525,7
LC4,6,10,720575940620795728,88,11.592322018031126,6.570511423600578,7
LC4,6,11,720575940619397542,98,12.344940603916022,7.01177258052418,7
LC4,6,12,720575940618723749,72,9.683710479177876,5.4937125879653905,7
LC4,6,13,720575940620903551,94,11.998525077993243,6.811921128760446,7
LC4,6,14,720575940628462340,122,,,7
LC4,6,15,720575940617266722,105,12.993512037526742,7.3824243307198,7
LC4,6,16,720575940628699560,105,13.335171251689594,7.559068420875313,7
LC4,6,17,720575940630851036,85,11.452954788261692,6.482885462824896,7
LC4,6,18,720575940632769180,91,12.098672066905593,6.848678650139604,7
LC4,6,19,720575940626605200,67,9.302866909527722,5.269459888303814,7
LC4,6,20,720575940615053580,69,9.307995300122798,5.28220088818675,7
LC4,7,1,720575940630851036,96,12.613299863093694,7.141003608531705,8
LC4,7,2,720575940632769180,97,12.730976976782095,7.206927908353876,8
LC4,7,3,720575940618676440,99,12.595832914626236,7.145649352434191,8
LC4,7,4,720575940624017251,97,12.291722542868612,6.9790337031628695,8
LC4,7,5,720575940625038090,133,15.751104072219903,8.941726880629737,8
LC4,7,6,720575940620903551,106,13.093677499878332,7.439215774598601,8
LC4,7,7,720575940619397542,117,14.107930060570922,8.016711104214266,8
LC4,7,8,720575940625991043,107,13.511915980643998,7.6611367789499525,8
LC4,7,9,720575940649229433,127,15.143534060084967,8.59964655048259,8
LC4,7,10,720575940618002644,83,11.219429777532852,6.350953837556048,8
LC4,7,11,720575940610522009,104,12.932539174389184,7.345724965953863,8
LC4,7,12,720575940628462340,134,15.84603262647019,8.995784360245437,8
LC4,7,13,720575940626916936,86,11.562525142997451,6.544593201850901,8
LC4,7,14,720575940622939836,96,12.5964800930007,7.1321561761609615,8
LC4,7,15,720575940624111763,97,12.655681237552152,7.1678574461066376,8
LC4,7,16,720575940613260959,127,15.234444990098503,8.64631109908607,8
LC4,7,17,720575940629753807,91,11.718122604702586,6.6511529349395175,8
LC4,7,18,720575940612518055,102,12.8044389080287,7.269164529143197,8
LC4,7,19,720575940618312606,88,11.429653741246753,6.486160495568569,8
LC4,7,20,720575940620795728,93,12.113101630704634,6.866275039852368,8
LC4,8,1,720575940630851036,109,13.871016647709567,7.856847535558117,9
LC4,8,2,720575940619397542,124,14.710177712340958,8.360960695107039,9
LC4,8,3,720575940620795728,98,12.629357759141087,7.159104760183027,9
LC4,8,4,720575940630998339,85,11.299543094903704,6.402520539823001,9
LC4,8,5,720575940634517856,93,12.206756104795822,6.914564185389281,9
LC4,8,6,720575940626626895,138,16.017424113090904,9.101385665775261,9
LC4,8,7,720575940626605200,86,11.388905891983775,6.454185784411806,9
LC4,8,8,720575940615575007,131,15.421049136976919,8.760523934428633,9
LC4,8,9,720575940638456227,90,11.494061537829012,6.528800312133484,9
LC4,8,10,720575940617176321,126,14.935240570839092,8.486239626060303,9
LC4,8,11,720575940625038090,145,16.755309566265197,9.514186596322126,9
LC4,8,12,720575940615462587,96,12.052443048493544,6.849514061388106,9
LC4,8,13,720575940628462340,144,16.583518591092258,9.421179167840002,9
LC4,8,14,720575940622108001,132,15.640173867369917,8.880348316136448,9
LC4,8,15,720575940620903551,125,14.805496201498961,8.414873755594812,9
LC4,8,16,720575940624017251,102,12.785251077670146,7.259529136684051,9
LC4,8,17,720575940628699560,130,15.574761883868234,8.836373621521552,9
LC4,8,18,720575940617026260,107,13.123759206381692,7.4599448491892915,9
LC4,8,19,720575940613256863,118,14.575913115449971,8.264826297382534,9
LC4,8,20,720575940622939836,102,13.215716504395417,7.483047847184956,9
LC4,9,1,720575940618676440,126,15.230717792646395,8.640018223189045,10
LC4,9,2,720575940612518055,133,15.451775972308667,8.785586770945976,10
LC4,9,3,720575940632769180,112,14.17388275059686,8.028064920581485,10
LC4,9,4,720575940617266722,134,15.442442058263381,8.785665800507445,10
LC4,9,5,720575940611134833,143,16.42282327404797,9.333163979744349,10
LC4,9,6,720575940618312606,127,15.00678835459852,8.528092697587361,10
LC4,9,7,720575940631338271,116,13.890030660145186,7.900126515685287,10
LC4,9,8,720575940626605200,91,11.917299403367117,6.754000230558901,10
LC4,9,9,720575940614914107,132,15.900352273465778,9.015212395222001,10
LC4,9,10,720575940613256863,130,15.627194703599521,8.864462809728721,10
LC4,9,11,720575940620795728,107,13.47539585830308,7.641804845890043,10
LC4,9,12,720575940624017251,113,13.890998822253316,7.885424702831607,10
LC4,9,13,720575940640612480,114,14.252166657115332,8.077654209712449,10
LC4,9,14,720575940612580977,114,14.253352012683713,8.078498782968161,10
LC4,9,15,720575940625991043,137,16.160977369435315,9.172128376099288,10
LC4,9,16,720575940625038090,163,18.135381607835143,10.30398648006252,10
LC4,9,17,720575940620903551,137,15.805986340561851,8.986313067432697,10
LC4,9,18,720575940605598892,95,12.253731590374876,6.948465495382095,10
LC4,9,19,720575940618723749,105,,,10
LC4,9,20,720575940622108001,157,17.65075969862629,10.029057016880571,10
LC4,10,1,720575940617026260,133,15.32234606461467,8.719431306836647,11
LC4,10,2,720575940610522009,138,15.915189996886447,9.047030711033521,11
LC4,10,3,720575940613256863,146,16.993686481966463,9.642471605277144,11
LC4,10,4,720575940630484495,124,15.295066356572733,8.665169895400567,11
LC4,10,5,720575940622108001,181,19.28249266979173,10.969909272192957,11
LC4,10,6,720575940628699560,150,17.122605810530892,9.724635643079246,11
LC4,10,7,720575940614914107,145,16.972558555831363,9.627313017270467,11
LC4,10,8,720575940615462587,125,14.645732960572644,8.333331715147857,11
LC4,10,9,720575940617176321,149,16.721312814235333,9.511862459290015,11
LC4,10,10,720575940625038090,173,18.732539590201434,10.652809628877414,11
LC4,10,11,720575940618002644,125,15.223508343081342,8.631939182639918,11
LC4,10,12,720575940625934973,123,14.646158104687814,8.323178335791525,11
LC4,10,13,720575940618312606,142,16.17441068236088,9.199084255149636,11
LC4,10,14,720575940640612480,126,15.340001331092893,8.69693177544805,11
LC4,10,15,720575940629753807,129,15.082538259730548,8.576812461823089,11
LC4,10,16,720575940612580977,127,15.370311314721384,8.717215948242888,11
LC4,10,17,720575940632769180,125,15.334538653584048,8.68995869051789,11
LC4,10,18,720575940626916936,123,15.16807388053249,8.594510466892316,11
LC4,10,19,720575940622531767,111,13.606243904879484,7.72827988155877,11
LC4,10,20,720575940616713355,122,14.439355512666488,8.212314331086247,11
LC4,11,1,720575940619397542,159,17.386210444438866,9.89793314201848,12
LC4,11,2,720575940618002644,137,16.295232149609554,9.240979075427163,12
LC4,11,3,720575940614914107,155,17.75314385037551,10.07355158843233,12
LC4,11,4,720575940612580977,139,16.392212090182902,9.29990246723947,12
LC4,11,5,720575940627519107,155,17.519877536482454,9.951315138189258,12
LC4,11,6,720575940625934973,136,15.699077603607016,8.926845671886177,12
LC4,11,7,720575940620795728,126,15.100621441986092,8.572809119756698,12
LC4,11,8,720575940612518055,163,17.593793038685043,10.02226118821266,12
LC4,11,9,720575940622531767,130,15.161987877440644,8.622480655950845,12
LC4,11,10,720575940633580384,151,16.561196859451712,9.439436796488764,12
LC4,11,11,720575940629753807,139,15.796644126391428,8.991374572193877,12
LC4,11,12,720575940615462587,137,15.586507525944207,8.874178132910991,12
LC4,11,13,720575940649229433,196,20.15819501178722,11.478149323017831,12
LC4,11,14,720575940622108001,184,19.505063155776398,11.096408131291923,12
LC4,11,15,720575940631338271,134,15.374159528277715,8.750873388296377,12
LC4,11,16,720575940640612480,137,16.277789448912436,9.23182060899532,12
LC4,11,17,720575940622939836,131,15.848360922385332,8.98318655731844,12
LC4,11,18,720575940638496720,134,16.044153779212053,9.09769618301064,12
LC4,11,19,720575940613260959,170,18.348144209896155,10.44033047918628,12
LC4,11,20,720575940628454522,164,18.19729377246169,10.340425323945162,12
LC4,12,1,720575940630998339,137,16.327150428636124,9.257788396626815,13
LC4,12,2,720575940622531767,142,16.186884888741204,9.205450977724276,13
LC4,12,3,720575940634517856,136,16.163152247978907,9.16800491233652,13
LC4,12,4,720575940628699560,161,17.958628264589436,10.203157440680961,13
LC4,12,5,720575940628462340,186,19.671917594002977,11.189685948691242,13
LC4,12,6,720575940605598892,123,14.826361125387415,8.416441516379216,13
LC4,12,7,720575940616713355,146,16.246745753321306,9.255145705089298,13
LC4,12,8,720575940618807105,176,19.028089165611142,10.818020460032898,13
LC4,12,9,720575940620903551,180,18.88819568824512,10.758387403164441,13
LC4,12,10,720575940613256863,168,18.70456518509343,10.619465529389437,13
LC4,12,11,720575940638456227,152,16.680655620165837,9.505222336000315,13
LC4,12,12,720575940613260959,194,19.927114105129363,11.35002734998271,13
LC4,12,13,720575940610522009,155,17.205935635103444,9.787700930495681,13
LC4,12,14,720575940612518055,172,18.244143192446167,10.394607931709565,13
LC4,12,15,720575940615462587,146,16.302075048691954,9.283422405962312,13
LC4,12,16,720575940618312606,156,17.197972494484915,9.788143252028846,13
LC4,12,17,720575940615575007,187,19.48582974048022,11.094834084831021,13
LC4,12,18,720575940622108001,188,19.783363962233565,11.255668752700686,13
LC4,12,19,720575940618676440,158,17.653727674201967,10.032877847253502,13
LC4,12,20,720575940612580977,145,16.863876965664204,9.57007304950929,13
LC4,13,1,720575940649229433,229,22.077281973104377,12.587963918465064,14
LC4,13,2,720575940617266722,189,19.457928147870092,11.087475610747141,14
LC4,13,3,720575940626916936,147,17.11294959622566,9.70777195851393,14
LC4,13,4,720575940615053580,153,17.160241589856135,9.7568277014607,14
LC4,13,5,720575940628064260,197,20.06049738094429,11.429447443213164,14
LC4,13,6,720575940640612480,153,17.51741327205169,9.942204671855286,14
LC4,13,7,720575940630484495,165,18.58178692920744,10.54346723855059,14
LC4,13,8,720575940614914107,173,19.065332904057854,10.825755431430096,14
LC4,13,9,720575940615462587,155,17.001792514309358,9.6832526284322,14
LC4,13,10,720575940614572742,214,21.327250974727413,12.148958267988199,14
LC4,13,11,720575940612518055,184,19.021880069678616,10.843732557142559,14
LC4,13,12,720575940617176321,166,17.951637967433648,10.218624042261467,14
LC4,13,13,720575940613260959,206,20.682755467773013,11.784761581727366,14
LC4,13,14,720575940638456227,170,17.89026388611093,10.204992967206927,14
LC4,13,15,720575940618723749,172,18.335904754126958,10.441578540715085,14
LC4,13,16,720575940613256863,185,19.870821343789494,11.289815251388227,14
LC4,13,17,720575940624111763,158,17.864797457815754,10.143640487020107,14
LC4,13,18,720575940624017251,164,17.992236903941794,10.232660435512308,14
LC4,13,19,720575940616713355,164,17.64574761801873,10.053305034183822,14
LC4,13,20,720575940611134833,181,18.977116977599835,10.80938688792505,14
LC4,14,1,720575940627519107,182,19.350302893010102,11.006571268593007,15
LC4,14,2,720575940638496720,178,19.443430618425012,11.040697797897309,15
LC4,14,3,720575940630484495,175,19.28309745005739,10.946339171608841,15
LC4,14,4,720575940622531767,155,17.190994822289063,9.780371518365357,15
LC4,14,5,720575940638456227,182,18.759234667500003,10.700943404922029,15
LC4,14,6,720575940626916936,169,18.86800882232056,10.707768215399696,15
LC4,14,7,720575940613260959,231,22.100070526740957,12.605395788528966,15
LC4,14,8,720575940630998339,165,18.440495528820662,10.46961808470131,15
LC4,14,9,720575940628064260,206,20.591921617947996,11.737193369867619,15
LC4,14,10,720575940626605200,149,17.232209697389678,9.77794214702898,15
LC4,14,11,720575940618002644,164,18.40260823964607,10.446083233960401,15
LC4,14,12,720575940628454522,197,20.339262795437783,11.57644050507217,15
LC4,14,13,720575940618723749,187,19.263297924833623,10.979688515511619,15
LC4,14,14,720575940625991043,196,20.472955735943053,11.642450940472301,15
LC4,14,15,720575940625934973,165,17.92856102146908,10.202756598321145,15
LC4,14,16,720575940628462340,217,21.448745517710783,12.222198895282446,15
LC4,14,17,720575940618807105,202,20.61869162962506,11.739252894823103,15
LC4,14,18,720575940605598892,160,17.819674912097227,10.127285279753416,15
LC4,14,19,720575940618312606,201,20.258803986614616,11.54696436574801,15
LC4,14,20,720575940622108001,217,21.580532885946262,12.29120340837629,15
LC4,15,1,720575940610522009,183,18.971652960092925,10.813833313403329,16
LC4,15,2,720575940617176321,179,18.854168297310473,10.737009819305548,16
LC4,15,3,720575940628064260,216,21.084533125404995,12.027369611528584,16
LC4,15,4,720575940649229433,250,23.18305952488091,13.229436453892966,16
LC4,15,5,720575940617266722,211,20.685623448039728,11.803352416610316,16
LC4,15,6,720575940631338271,186,19.041288263062846,10.862032114912736,16
LC4,15,7,720575940626916936,180,19.62711230189712,11.143863895028858,16
LC4,15,8,720575940633580384,192,19.415407283324328,11.078223361260385,16
LC4,15,9,720575940640612480,184,19.609598248719216,11.148841553919318,16
LC4,15,10,720575940612518055,200,20.04586723074509,11.433075057446551,16
LC4,15,11,720575940618676440,185,19.51699790950449,11.104240930443737,16
LC4,15,12,720575940624017251,194,19.887683211795263,11.329452120227131,16
LC4,15,13,720575940613256863,200,20.844651055807248,11.849850618375015,16
LC4,15,14,720575940632769180,179,19.503445660110216,11.07572581500471,16
LC4,15,15,720575940618723749,197,19.766310513516466,11.277887588494401,16
LC4,15,16,720575940630851036,188,20.0574421164738,11.397068826700668,16
LC4,15,17,720575940622108001,222,21.875348509297638,12.461271452385368,16
LC4,15,18,720575940630998339,181,19.602901992903533,11.134686899431522,16
LC4,15,19,720575940617026260,196,19.625954487435777,11.202078264592629,16
LC4,15,20,720575940638456227,193,19.4072864603896,11.078047227440607,16
LC4,16,1,720575940622939836,195,20.507502526360113,11.656250404443227,17
LC4,16,2,720575940640612480,193,20.25555167924353,11.517424120775033,17
LC4,16,3,720575940605598892,183,19.51429683323945,11.095855047478885,17
LC4,16,4,720575940626626895,245,22.872853979388815,13.052573933478499,17
LC4,16,5,720575940612580977,191,19.960756841032527,11.356902182474514,17
LC4,16,6,720575940618807105,218,21.544316172746953,12.27518781340298,17
LC4,16,7,720575940620903551,241,22.443158194893428,12.815439097073721,17
LC4,16,8,720575940634517856,175,19.16603423526245,10.88502129352242,17
LC4,16,9,720575940649229433,262,23.735071482670158,13.55302559719388,17
LC4,16,10,720575940624111763,194,20.332914386999562,11.562058033130818,17
LC4,16,11,720575940611134833,222,21.600738673638737,12.316745397054895,17
LC4,16,12,720575940633580384,206,20.29209538746332,11.582832907491806,17
LC4,16,13,720575940628454522,237,22.62761036319427,12.901185726403796,17
LC4,16,14,720575940628081541,216,21.61468166432722,12.30552687597671,17
LC4,16,15,720575940613260959,255,23.253266641751786,13.280525906132617,17
LC4,16,16,720575940612518055,204,20.28334585174337,11.57049142050571,17
LC4,16,17,720575940614572742,247,23.13166912420906,13.194656347974778,17
LC4,16,18,720575940618723749,204,20.174088922653702,11.51444843038496,17
LC4,16,19,720575940615053580,207,20.767288118934296,11.83252420267231,17
LC4,16,20,720575940627519107,195,20.12719626900303,11.45751559010828,17
LC4,17,1,720575940630851036,200,20.82880211088404,11.841056366857202,18
LC4,17,2,720575940627519107,208,20.897983329819517,11.903821092885067,18
LC4,17,3,720575940616713355,226,21.391120831546473,12.22163311365965,18
LC4,17,4,720575940626605200,189,19.873434311840363,11.304482061533157,18
LC4,17,5,720575940619397542,246,22.535477770072,12.879281068573995,18
LC4,17,6,720575940614572742,250,23.298988724479443,13.29079842414675,18
LC4,17,7,720575940638496720,206,21.21336194761023,12.06157022560869,18
LC4,17,8,720575940638456227,225,21.358029669885063,12.200853392463316,18
LC4,17,9,720575940640612480,208,21.102944992003806,12.010641989132104,18
LC4,17,10,720575940615127227,277,24.372755750240863,13.929017755777402,18
LC4,17,11,720575940617266722,232,21.770311458035877,12.437414749167473,18
LC4,17,12,720575940628064260,265,23.644722989191024,13.514179735674595,18
LC4,17,13,720575940625991043,232,22.575783058487787,12.85836430502976,18
LC4,17,14,720575940634517856,197,20.72408058633099,11.77593390158603,18
LC4,17,15,720575940622108001,254,23.512066791208724,13.41481904309213,18
LC4,17,16,720575940628081541,220,21.86000362133249,12.446486256197751,18
LC4,17,17,720575940615053580,225,21.733358218760443,12.39527536377485,18
LC4,17,18,720575940618723749,214,20.659808206304767,11.801865294955114,18
LC4,17,19,720575940612580977,203,20.657699777013057,11.761721959332846,18
LC4,17,20,720575940624111763,210,21.37504503965448,12.16000837584091,18
LC4,18,1,720575940630851036,211,21.49316517521165,12.224576364644236,19
LC4,18,2,720575940628699560,219,21.553023011208055,12.281593362656686,19
LC4,18,3,720575940631338271,240,22.076574177552494,12.623308895283031,19
LC4,18,4,720575940638456227,228,21.506352134124022,12.287950379028786,19
LC4,18,5,720575940618676440,220,21.6381226402871,12.32931137226523,19
LC4,18,6,720575940628081541,236,22.80663546961346,12.991300613793442,19
LC4,18,7,720575940618002644,204,20.973884297412262,11.92987166130139,19
LC4,18,8,720575940622939836,228,22.55936042316433,12.834508348719858,19
LC4,18,9,720575940620903551,263,23.454432779908295,13.408939551207624,19
LC4,18,10,720575940628064260,277,24.171320440546808,13.823376793880037,19
LC4,18,11,720575940610522009,217,20.892596830850223,11.93275493110179,19
LC4,18,12,720575940622108001,266,24.104004130202007,13.759181394645765,19
LC4,18,13,720575940630998339,216,21.771528593182666,12.386037695788268,19
LC4,18,14,720575940627519107,220,21.53877473184515,12.277585388187767,19
LC4,18,15,720575940649229433,285,24.703790582657135,14.124297553989337,19
LC4,18,16,720575940620795728,215,21.417560253012446,12.198606768400829,19
LC4,18,17,720575940640612480,224,22.011619417473142,12.537108833341257,19
LC4,18,18,720575940638496720,217,21.820650428761375,12.414844402283585,19
LC4,18,19,720575940626605200,200,20.515758762466874,11.677617309914162,19
LC4,18,20,720575940618723749,232,21.616488279562915,12.35905914817446,19
LC4,19,1,720575940615053580,243,22.752918776182185,12.983545254626456,20
LC4,19,2,720575940629753807,261,23.254634901199772,13.29944245872403,20
LC4,19,3,720575940630484495,227,22.506647614620057,12.803742090322245,20
LC4,19,4,720575940622108001,275,24.512544714316846,13.99757015458075,20
LC4,19,5,720575940620795728,240,22.802149533079536,13.000684361105101,20
LC4,19,6,720575940615575007,287,24.572195091910878,14.060565769149605,20
LC4,19,7,720575940626916936,235,22.963236289258298,13.065964132922034,20
LC4,19,8,720575940605598892,218,21.723852623972775,12.367671657980011,20
LC4,19,9,720575940640612480,234,22.562319320131287,12.856163631378038,20
LC4,19,10,720575940628454522,268,24.15638788796008,13.791956260476397,20
LC4,19,11,720575940619397542,274,23.941485791676243,13.694821984881209,20
LC4,19,12,720575940612580977,224,21.817942066385143,12.436109986621403,20
LC4,19,13,720575940614572742,284,24.8805333203184,14.214445724563518,20
LC4,19,14,720575940618807105,260,23.6910305774444,13.52567024824372,20
LC4,19,15,720575940613260959,291,24.910896424124573,14.249008184843795,20
LC4,19,16,720575940630998339,221,22.064525330133016,12.555133867621905,20
LC4,19,17,720575940638456227,247,22.4189866800008,12.823367925318735,20
LC4,19,18,720575940612518055,226,21.38896717623153,12.220675979832592,20
LC4,19,19,720575940618676440,232,22.25627661926088,12.690158967701606,20
LC4,19,20,720575940615127227,291,24.958070642458374,14.273642005123548,20
LC4,20,1,720575940615462587,256,23.297554086544125,13.30678189333456,21
LC4,20,2,720575940638496720,239,23.105064344723196,13.153137693503169,21
LC4,20,3,720575940630851036,225,22.314119534232013,12.698611276410361,21
LC4,20,4,720575940630484495,240,23.174954701410215,13.19227563750244,21
LC4,20,5,720575940649229433,313,25.988648585703373,14.869442357188255,21
LC4,20,6,720575940613260959,301,25.293154058287016,14.475728626905685,21
LC4,20,7,720575940617176321,243,22.649799206638633,12.929728132657523,21
LC4,20,8,720575940620903551,291,24.7542486610971,14.166700841479873,21
LC4,20,9,720575940633580384,252,22.79984260050705,13.036182569004225,21
LC4,20,10,720575940612580977,235,22.437928400875272,12.79437554295665,21
LC4,20,11,720575940617026260,267,23.47915976472192,13.435107624068038,21
LC4,20,12,720575940622939836,236,22.991594831449056,13.084315103053939,21
LC4,20,13,720575940610522009,245,22.323022809354953,12.767528578319016,21
LC4,20,14,720575940617266722,292,24.80273943609817,14.194763524419251,21
LC4,20,15,720575940625038090,311,25.904058167409794,14.820212545555385,21
LC4,20,16,720575940631338271,276,23.805951774970566,13.631916824020415,21
LC4,20,17,720575940611134833,274,24.28201952099144,13.873703034205406,21
LC4,20,18,720575940628064260,309,25.58552321399776,14.649607550626925,21
LC4,20,19,720575940618807105,271,24.209718063970406,13.828171989941616,21
LC4,20,20,720575940627519107,236,22.45549427817273,12.80663507736736,21
LC4,21,1,720575940612518055,255,23.092262047161164,13.196864222121938,22
LC4,21,2,720575940630998339,237,22.877779010329498,13.03020662625115,22
LC4,21,3,720575940633580384,264,23.323540685655757,13.345457843636922,22
LC4,21,4,720575940626916936,254,23.895587502300756,13.609229137135792,22
LC4,21,5,720575940613256863,255,23.84830753466938,13.58927672879905,22
LC4,21,6,720575940634517856,249,23.63266122215451,13.457725767895951,22
LC4,21,7,720575940626626895,317,25.911564191424986,14.841416707204367,22
LC4,21,8,720575940628699560,246,22.956352641715362,13.098780447951484,22
LC4,21,9,720575940628454522,296,25.390660152144562,14.512911598186406,22
LC4,21,10,720575940611134833,286,24.845201853848423,14.2016173487823,22
LC4,21,11,720575940617266722,296,24.977003250513704,14.296733550829238,22
LC4,21,12,720575940618723749,267,23.439380276736934,13.414480554468241,22
LC4,21,13,720575940615462587,269,23.883620091489128,13.650771465535527,22
LC4,21,14,720575940617176321,258,23.32367347629755,13.326565420532923,22
LC4,21,15,720575940622108001,296,25.491377791692337,14.563758451184391,22
LC4,21,16,720575940610522009,270,23.58538898121371,13.499451356113987,22
LC4,21,17,720575940616713355,286,24.204364605021247,13.868254032167677,22
LC4,21,18,720575940620795728,271,24.429144800871462,13.940827216264701,22
LC4,21,19,720575940622939836,247,23.591511773804143,13.42959943631218,22
LC4,21,20,720575940628462340,294,25.173424659979688,14.395796887211425,22
LC4,22,1,720575940618002644,265,24.11971986464693,13.762702125493114,23
LC4,22,2,720575940632769180,265,24.460505314889424,13.934894215818588,23
LC4,22,3,720575940628462340,299,25.395846214366223,14.524878450951014,23
LC4,22,4,720575940614914107,261,24.140932584093974,13.759116931110484,23
LC4,22,5,720575940624017251,287,24.757828392810758,14.158185619542095,23
LC4,22,6,720575940615462587,276,24.193801134121358,13.832743718198586,23
LC4,22,7,720575940617176321,264,23.629856890692295,13.504010367837708,23
LC4,22,8,720575940626916936,265,24.399211538353008,13.903860126467208,23
LC4,22,9,720575940649229433,338,26.852941386759717,15.383754654290016,23
LC4,22,10,720575940615127227,332,26.391869495932426,15.130057743761895,23
LC4,22,11,720575940618676440,258,23.513808186329207,13.425715188860586,23
LC4,22,12,720575940640612480,264,24.056618800502378,13.726807069362891,23
LC4,22,13,720575940629753807,315,25.731364614091348,14.741595722173514,23
LC4,22,14,720575940615575007,324,26.161364840135462,14.989509418139136,23
LC4,22,15,720575940618312606,324,26.054400665316386,14.933386954632176,23
LC4,22,16,720575940610522009,277,23.887211145095755,13.677111920454955,23
LC4,22,17,720575940638456227,286,24.346335261442903,13.941041097472485,23
LC4,22,18,720575940628081541,293,25.559478681100416,14.588012852426829,23
LC4,22,19,720575940617026260,303,24.98248309687669,14.320671093554175,23
LC4,22,20,720575940619397542,311,25.531880240313733,14.62671292962905,23
LC4,23,1,720575940638496720,272,24.622996213146884,14.041815871140948,24
LC4,23,2,720575940610522009,289,24.394989274482107,13.975816216757451,24
LC4,23,3,720575940625038090,341,26.964138007781017,15.44901650029901,24
LC4,23,4,720575940611134833,309,25.737970058892614,14.729964795900685,24
LC4,23,5,720575940618676440,268,23.999810398817054,13.708643648575595,24
LC4,23,6,720575940625991043,317,26.519161393207348,15.151468021096527,24
LC4,23,7,720575940622108001,316,26.233185690273487,15.003714795551481,24
LC4,23,8,720575940618002644,270,24.367942049080106,13.90595424594742,24
LC4,23,9,720575940622939836,282,25.27080256317305,14.404304556037445,24
LC4,23,10,720575940622531767,261,23.679067173525354,13.520776419219047,24
LC4,23,11,720575940626916936,277,25.00628813065841,14.253082035268086,24
LC4,23,12,720575940628081541,304,26.026776153723794,14.86058870207519,24
LC4,23,13,720575940626605200,272,24.522505602442124,13.991165727964827,24
LC4,23,14,720575940638456227,302,25.04346674413079,14.348394402890882,24
LC4,23,15,720575940620795728,295,25.505138835586372,14.567276039209624,24
LC4,23,16,720575940615462587,282,24.481792260158585,14.000064428640485,24
LC4,23,17,720575940618807105,306,25.717396519247337,14.710546618223056,24
LC4,23,18,720575940614572742,344,27.13653038074107,15.546060800639069,24
LC4,23,19,720575940612518055,281,24.21871207396076,13.85992518752822,24
LC4,23,20,720575940633580384,287,24.404568021041037,13.974603525324035,24
LC4,24,1,720575940638456227,312,25.401389147210274,14.56219997719787,25
LC4,24,2,720575940628081541,311,26.304989463961903,15.023938134847626,25
LC4,24,3,720575940614572742,354,27.476933064919074,15.74764735130978,25
LC4,24,4,720575940616713355,327,25.798230169898446,14.809902906687846,25
LC4,24,5,720575940626605200,288,25.225123656012038,14.401644539056726,25
LC4,24,6,720575940622939836,301,26.034621967098644,14.854422732270748,25
LC4,24,7,720575940605598892,293,25.370532896613838,14.4917868027226,25
LC4,24,8,720575940618807105,322,26.374446926377146,15.09370470089717,25
LC4,24,9,720575940625991043,328,26.950506450529282,15.403967953630243,25
LC4,24,10,720575940624111763,280,24.967455672658247,14.244114775565677,25
LC4,24,11,720575940625934973,286,,,25
LC4,24,12,720575940627519107,277,24.41617880825335,13.951776900461589,25
LC4,24,13,720575940638496720,287,25.225215533537572,14.398155696401936,25
LC4,24,14,720575940628064260,358,27.240875046866016,15.637794591847396,25
LC4,24,15,720575940610522009,302,24.918846104470042,14.284870639427261,25
LC4,24,16,720575940649229433,356,27.439750737596725,15.733893824378079,25
LC4,24,17,720575940612518055,295,24.83428343000829,14.219956229556331,25
LC4,24,18,720575940615053580,293,25.244613172205256,14.428337541893903,25
LC4,24,19,720575940617176321,295,24.916061140432397,14.262808211600607,25
LC4,24,20,720575940619397542,357,27.359781260845722,15.696159550602921,25
LC4,25,1,720575940614914107,316,26.576776572980577,15.17700216332014,26
LC4,25,2,720575940638456227,324,25.853953550740435,14.829849678339123,26
LC4,25,3,720575940631338271,339,26.333671650335837,15.119066466886565,26
LC4,25,4,720575940618312606,361,27.341886894738252,15.697779064337645,26
LC4,25,5,720575940611134833,336,26.831635147147885,15.367181779786385,26
LC4,25,6,720575940613256863,302,25.935327637959517,14.807647294725712,26
LC4,25,7,720575940605598892,297,25.539428426843713,14.590521595650614,26
LC4,25,8,720575940625991043,338,27.33419657293782,15.628568128260135,26
LC4,25,9,720575940633580384,318,25.549616381315687,14.656767167083188,26
LC4,25,10,720575940622939836,312,26.45156665508849,15.100973319165512,26
LC4,25,11,720575940624017251,326,26.313030145473412,15.074386584085957,26
LC4,25,12,720575940615127227,369,27.67327139199317,15.888557540334126,26
LC4,25,13,720575940634517856,311,26.316941659243078,15.029325749684588,26
LC4,25,14,720575940626605200,292,25.402780036455802,14.504942542723136,26
LC4,25,15,720575940618807105,329,26.64423420734324,15.25175865291395,26
LC4,25,16,720575940616713355,332,26.00323682164644,14.929520702208876,26
LC4,25,17,720575940619397542,375,27.906515354571205,16.023885229409323,26
LC4,25,18,720575940615462587,306,25.524430118327565,14.610164897017917,26
LC4,25,19,720575940627519107,288,24.921510704297027,14.246499210491976,26
LC4,25,20,720575940615575007,376,27.909012814259462,16.027305426782576,26
LC4,26,1,720575940624017251,350,27.201962491815422,15.596191014473646,27
LC4,26,2,720575940628462340,347,27.239320308712216,15.606592695745526,27
LC4,26,3,720575940617266722,386,28.21149599969891,16.208339678978895,27
LC4,26,4,720575940630851036,327,26.9694532200686,15.410107744922996,27
LC4,26,5,720575940615462587,326,26.431413813700054,15.134894298904605,27
LC4,26,6,720575940617026260,346,26.644432156248364,15.299158477594148,27
LC4,26,7,720575940625991043,345,27.58033910028326,15.77409251534199,27
LC4,26,8,720575940615053580,331,26.820545617266802,15.347025634124627,27
LC4,26,9,720575940627519107,307,25.648667239447974,14.677873509402119,27
LC4,26,10,720575940633580384,327,25.873402964841027,14.849409696479775,27
LC4,26,11,720575940629753807,394,28.425227991742425,16.337675071703217,27
LC4,26,12,720575940611134833,349,27.27573786716718,15.630430073820776,27
LC4,26,13,720575940618723749,334,26.35825866646377,15.118149036403842,27
LC4,26,14,720575940634517856,322,26.786767490051325,15.30196039214509,27
LC4,26,15,720575940628064260,379,28.002453362009355,16.082996462233865,27
LC4,26,16,720575940628454522,343,27.29531319407681,15.623899195547885,27
LC4,26,17,720575940626916936,316,26.5980488651784,15.18763973525077,27
LC4,26,18,720575940625038090,380,28.20180476973656,16.187270154400778,27
LC4,26,19,720575940631338271,344,26.529859094128845,15.233851072030845,27
LC4,26,20,720575940626605200,314,26.425957783363316,15.094273096719576,27
LC4,27,1,720575940630484495,342,27.42050202665576,15.683618025166979,28
LC4,27,2,720575940618723749,347,26.801548493863166,15.382416255215418,28
LC4,27,3,720575940627519107,317,25.96129462013502,14.867495534020236,28
LC4,27,4,720575940615462587,348,27.31640021336637,15.649073900459321,28
LC4,27,5,720575940605598892,324,26.641997773393726,15.23483445142218,28
LC4,27,6,720575940613256863,331,27.042278204238613,15.459375259460927,28
LC4,27,7,720575940617266722,405,28.711870007440126,16.51206786680045,28
LC4,27,8,720575940626916936,335,27.25579764428028,15.579405021695123,28
LC4,27,9,720575940630851036,331,27.124464723353192,15.500857102150668,28
LC4,27,10,720575940622531767,319,26.420994425579174,15.107454469165717,28
LC4,27,11,720575940616713355,366,27.402628227985993,15.7424360388001,28
LC4,27,12,720575940640612480,326,26.754543927301647,15.298094524283457,28
LC4,27,13,720575940625934973,334,26.759756281225748,15.325612836022415,28
LC4,27,14,720575940618312606,383,28.081370537790328,16.133805127861486,28
LC4,27,15,720575940615053580,347,27.396158406586068,15.686500569837925,28
LC4,27,16,720575940615575007,397,28.51039340703901,16.38892388557352,28
LC4,27,17,720575940638496720,337,27.204109763568134,15.55909358552087,28
LC4,27,18,720575940628081541,356,27.931813820144527,15.984225733610685,28
LC4,27,19,720575940638456227,354,27.004597202910055,15.505681796799607,28
LC4,27,20,720575940615127227,389,28.393749843111827,16.308848971974626,28
LC4,28,1,720575940618676440,332,26.6869430451,15.282637381894837,29
LC4,28,2,720575940633580384,355,26.894745857256055,15.452460689683718,29
LC4,28,3,720575940649229433,401,28.750770761178764,16.52167896653424,29
LC4,28,4,720575940638456227,365,27.452868808215506,15.76602365130536,29
LC4,28,5,720575940615575007,408,28.79382439046315,16.561691835005078,29
LC4,28,6,720575940605598892,341,27.348374287943017,15.644183659620815,29
LC4,28,7,720575940625991043,362,28.13493805228058,16.104407933023886,29
LC4,28,8,720575940625934973,344,27.043490674989968,15.499166799676232,29
LC4,28,9,720575940614572742,391,28.65715427272854,16.448768816551286,29
LC4,28,10,720575940611134833,380,28.258112061439512,16.215949845262436,29
LC4,28,11,720575940614914107,353,27.935044662960266,15.977177834190975,29
LC4,28,12,720575940617176321,348,27.03955051942649,15.508949299764765,29
LC4,28,13,720575940628699560,326,26.382903810273888,15.110237460200729,29
LC4,28,14,720575940628454522,364,27.95832515941757,16.020602047547243,29
LC4,28,15,720575940626605200,343,27.610900035616744,15.783284110683674,29
LC4,28,16,720575940630484495,353,27.849237889971633,15.933313967430585,29
LC4,28,17,720575940615462587,355,27.54650792848448,15.78605571091159,29
LC4,28,18,720575940616713355,384,27.958564241740184,16.07582553799365,29
LC4,28,19,720575940612518055,351,26.985704793023885,15.488216549423527,29
LC4,28,20,720575940638496720,353,27.772270553620473,15.894205791012816,29
LC4,29,1,720575940612518055,363,27.335245023603434,15.7005649601493,30
LC4,29,2,720575940614572742,402,28.97918267345178,16.64121189983136,30
LC4,29,3,720575940630851036,356,28.04707363314033,16.042435863953735,30
LC4,29,4,720575940638456227,376,27.802777346448288,15.97511229770354,30
LC4,29,5,720575940614914107,365,28.387612433049867,16.240940765804645,30
LC4,29,6,720575940624111763,378,28.77306132529685,16.47295704945605,30
LC4,29,7,720575940618312606,419,29.17264822715343,16.781920247891406,30
LC4,29,8,720575940625934973,364,27.849770017564914,15.965360305526126,30
LC4,29,9,720575940622531767,353,27.665797809036043,15.840497448310806,30
LC4,29,10,720575940628462340,383,28.422982811191567,16.30829665724847,30
LC4,29,11,720575940617176321,358,27.285344700617088,15.661906252177111,30
LC4,29,12,720575940649229433,421,29.40706303015721,16.906449572510567,30
LC4,29,13,720575940629753807,413,28.950752001300238,16.65410588317124,30
LC4,29,14,720575940625991043,372,28.441801715059952,16.288141776761357,30
LC4,29,15,720575940626605200,361,28.19042514683121,16.129320424573976,30
LC4,29,16,720575940615127227,412,29.032638658162305,16.692969650446045,30
LC4,29,17,720575940640612480,349,27.528382969046454,15.759148446163174,30
LC4,29,18,720575940616713355,402,28.5702356979128,16.434731640775006,30
LC4,29,19,720575940613260959,419,29.332636853668028,16.86344651349463,30
LC4,29,20,720575940624017251,387,28.389599052471134,16.301410511555716,30
LC4,30,1,720575940626916936,374,28.59847799422205,16.37292185569069,31
LC4,30,2,720575940630484495,368,28.31975965171293,16.214760988193575,31
LC4,30,3,720575940617266722,425,29.361628806350424,16.89250729356265,31
LC4,30,4,720575940627519107,354,27.374400345837792,15.696202887891637,31
LC4,30,5,720575940618723749,383,28.039227245112627,16.11430393996762,31
LC4,30,6,720575940620795728,385,28.79947235118501,16.505319951018386,31
LC4,30,7,720575940610522009,374,27.782691338326167,15.959363323509855,31
LC4,30,8,720575940628462340,395,28.771250141959634,16.51705919360036,31
LC4,30,9,720575940626626895,417,29.184893304397313,16.783008552296245,31
LC4,30,10,720575940618807105,388,28.590922993928473,16.407146586287602,31
LC4,30,11,720575940615462587,380,28.21931817061639,16.19707713421868,31
LC4,30,12,720575940628454522,382,28.584904327241468,16.388144603995983,31
LC4,30,13,720575940615575007,424,29.323731265779124,16.871162167601106,31
LC4,30,14,720575940633580384,375,27.532442351855543,15.833667595932617,31
LC4,30,15,720575940613256863,390,29.191627784099538,16.71795946771475,31
LC4,30,16,720575940631338271,415,28.924652171760364,16.64878097323328,31
LC4,30,17,720575940617176321,365,27.507959081259777,15.794879796571138,31
LC4,30,18,720575940638456227,400,28.58234752691552,16.433940929844603,31
LC4,30,19,720575940615127227,430,29.597731874692677,17.025375834698806,31
LC4,30,20,720575940649229433,437,29.83978392082968,17.166243048535826,31
LC4,31,1,720575940614914107,403,29.56344367210329,16.941307741164387,32
LC4,31,2,720575940605598892,378,28.615190191665725,16.392433439046975,32
LC4,31,3,720575940615462587,402,29.033243272851053,16.66879770056594,32
LC4,31,4,720575940649229433,442,29.980718901089652,17.250044626498656,32
LC4,31,5,720575940626605200,384,28.888591340445352,16.547605437905183,32
LC4,31,6,720575940625934973,389,28.577122881493295,16.40324894588462,32
LC4,31,7,720575940628699560,369,27.811369161424075,15.960379067794705,32
LC4,31,8,720575940630851036,396,29.31036686594605,16.794087841271477,32
LC4,31,9,720575940631338271,426,29.22677822726257,16.830149797797553,32
LC4,31,10,720575940619397542,436,29.72024307316216,17.102163545832497,32
LC4,31,11,720575940616713355,438,29.609475345410736,17.052074864326585,32
LC4,31,12,720575940618807105,398,28.809919466976076,16.54449274985639,32
LC4,31,13,720575940624017251,410,29.14636323115805,16.746109712995697,32
LC4,31,14,720575940617026260,417,28.888146793058404,16.636637653556036,32
LC4,31,15,720575940626626895,435,29.640519011041803,17.05920313939842,32
LC4,31,16,720575940618002644,380,28.707403517585796,16.44467781606881,32
LC4,31,17,720575940618676440,368,28.143637712359713,16.12556460889911,32
LC4,31,18,720575940612518055,381,27.948614359901732,16.06354924120602,32
LC4,31,19,720575940625038090,437,29.81372333214444,17.152487245841527,32
LC4,31,20,720575940628081541,401,29.322160744910306,16.81326354101376,32
LC4,32,1,720575940615127227,453,30.167446573000795,17.37055552231829,33
LC4,32,2,720575940613256863,418,29.948606055296217,17.175528655075503,33
LC4,32,3,720575940625991043,424,30.063024302856718,17.24885334742133,33
LC4,32,4,720575940617176321,386,28.256937290874795,16.232724167454386,33
LC4,32,5,720575940632769180,395,29.19259408932181,16.73151904912094,33
LC4,32,6,720575940626626895,455,30.244079855125833,17.414349682414915,33
LC4,32,7,720575940612518055,393,28.365798931025317,16.30720932145472,33
LC4,32,8,720575940605598892,396,29.2014937017668,16.738584860841428,33
LC4,32,9,720575940616713355,451,29.92979240831368,17.246849264115205,33
LC4,32,10,720575940614572742,440,29.953894911218136,17.2313491595893,33
LC4,32,11,720575940631338271,438,29.53954881607597,17.01869105970708,33
LC4,32,12,720575940618807105,410,29.137158630137833,16.741749846863122,33
LC4,32,13,720575940620795728,407,29.50763408748896,16.923166302494735,33
LC4,32,14,720575940622531767,393,28.942381691076882,16.59924891279143,33
LC4,32,15,720575940630851036,421,30.038088520486944,17.228696299543152,33
LC4,32,16,720575940622939836,406,29.581150852820443,16.95790027116186,33
LC4,32,17,720575940619397542,454,30.172990690219365,17.37617705077649,33
LC4,32,18,720575940617026260,429,29.212356581774145,16.831431844599685,33
LC4,32,19,720575940629753807,454,30.093743989383988,17.336591314120405,33
LC4,32,20,720575940611134833,426,29.561809608319955,16.997702564634828,33
LC4,33,1,720575940612580977,401,29.302052142357596,16.80291066760647,34
LC4,33,2,720575940605598892,413,29.749185242181532,17.061199510921647,34
LC4,33,3,720575940617026260,447,29.755889194073553,17.15101859723169,34
LC4,33,4,720575940630851036,431,30.285657291218584,17.37960645848132,34
LC4,33,5,720575940622939836,417,29.86585680702452,17.130890943043575,34
LC4,33,6,720575940634517856,420,29.92230234545213,17.167161600530875,34
LC4,33,7,720575940614572742,459,30.460105134783092,17.534096602439057,34
LC4,33,8,720575940628064260,471,30.597934572807887,17.632465183128033,34
LC4,33,9,720575940625934973,410,29.214451923306633,16.782042908731405,34
LC4,33,10,720575940631338271,455,30.061286362707932,17.324019942132523,34
LC4,33,11,720575940628454522,423,29.852442098659196,17.139009552505776,34
LC4,33,12,720575940617266722,467,30.476140387894063,17.561494590908907,34
LC4,33,13,720575940626626895,473,30.741808900154922,17.709613423277858,34
LC4,33,14,720575940616713355,468,30.431110285424538,17.541111859349165,34
LC4,33,15,720575940640612480,408,29.519221741092714,16.93137955221463,34
LC4,33,16,720575940619397542,466,30.460773841264285,17.550838427624193,34
LC4,33,17,720575940624111763,429,30.223770887898873,17.343105863109045,34
LC4,33,18,720575940625038090,471,30.642834830133587,17.654745746499152,34
LC4,33,19,720575940618723749,420,29.211390029285937,16.80537282638904,34
LC4,33,20,720575940610522009,408,28.901068999033846,16.61744067085835,34
LC4,34,1,720575940633580384,440,29.748202334351085,17.128214986574896,35
LC4,34,2,720575940631338271,479,30.690077544860713,17.698340874754912,35
LC4,34,3,720575940619397542,479,30.753859911675008,17.730488011585187,35
LC4,34,4,720575940638496720,425,30.05095094878108,17.244992274413363,35
LC4,34,5,720575940618723749,426,29.397213085256148,16.914779669311407,35
LC4,34,6,720575940617176321,417,29.32371617624929,16.855142269633156,35
LC4,34,7,720575940627519107,405,29.138034589377696,16.73022159318898,35
LC4,34,8,720575940613260959,489,31.121536379976547,17.939315938102986,35
LC4,34,9,720575940605598892,438,30.439877514045634,17.47514084768511,35
LC4,34,10,720575940625038090,481,30.8768852220632,17.7966988141046,35
LC4,34,11,720575940617026260,460,30.06898822155304,17.34111438473569,35
LC4,34,12,720575940622531767,426,29.978626514965804,17.21078893689748,35
LC4,34,13,720575940640612480,417,29.770061690731232,17.08200705177078,35
LC4,34,14,720575940626626895,483,30.977024762184186,17.851889050032916,35
LC4,34,15,720575940632769180,442,30.547963123325538,17.54006052618096,35
LC4,34,16,720575940618312606,491,31.149456984306987,17.95830966490915,35
LC4,34,17,720575940628462340,454,30.41759346171701,17.501304369149615,35
LC4,34,18,720575940624017251,448,30.149531971721423,17.35001352135675,35
LC4,34,19,720575940628081541,440,30.408797524219537,17.464020197185285,35
LC4,34,20,720575940612518055,415,28.96272577629668,16.668118291926895,35
LC4,35,1,720575940628462340,469,30.746072028345985,17.703287607911555,36
LC4,35,2,720575940629753807,494,31.193235359938022,17.98726743103419,36
LC4,35,3,720575940649229433,499,31.344080546808257,18.074806815646475,36
LC4,35,4,720575940631338271,488,30.881716294136424,17.816762485522247,36
LC4,35,5,720575940628699560,421,29.658379440784074,17.035443926622555,36
LC4,35,6,720575940626916936,460,31.03468481061629,17.83083935469145,36
LC4,35,7,720575940622108001,451,30.55567453586896,17.56511514155423,36
LC4,35,8,720575940630484495,450,30.717762414832443,17.645562003340316,36
LC4,35,9,720575940605598892,447,30.662248322610814,17.61021943584484,36
LC4,35,10,720575940628454522,451,30.484757796112888,17.528526581289803,36
LC4,35,11,720575940614572742,480,30.920570699327065,17.81697157668375,36
LC4,35,12,720575940618807105,443,30.171266871227488,17.34950381422943,36
LC4,35,13,720575940616713355,490,31.004042873729276,17.882873554160696,36
LC4,35,14,720575940612580977,442,30.452080130055357,17.4910508241906,36
LC4,35,15,720575940628064260,503,31.476081436662753,18.150832433803238,36
LC4,35,16,720575940613256863,466,31.15161958353861,17.904207758641526,36
LC4,35,17,720575940611134833,465,30.513861226728466,17.575270201201718,36
LC4,35,18,720575940615053580,445,30.52922867340294,17.537499999758523,36
LC4,35,19,720575940628081541,462,31.06318390946229,17.849815662281507,36
LC4,35,20,720575940625934973,430,29.855783408127493,17.15836495222895,36
LC4,36,1,720575940612580977,459,30.932282822658976,17.776230277268247,37
LC4,36,2,720575940633580384,469,30.454987127058786,17.556885891780425,37
LC4,36,3,720575940615462587,452,30.374082026684768,17.474785695785243,37
LC4,36,4,720575940615575007,507,31.462665366159705,18.15371139275843,37
LC4,36,5,720575940617176321,445,30.029099876251685,17.282954723446203,37
LC4,36,6,720575940622939836,469,31.243499667232328,17.958295933575513,37
LC4,36,7,720575940615127227,512,31.614478198056645,18.240911994656727,37
LC4,36,8,720575940627519107,446,30.340329509479403,17.443797617084527,37
LC4,36,9,720575940628454522,461,30.735100730201353,17.679655605449547,37
LC4,36,10,720575940631338271,499,31.188190724456497,17.99718827079571,37
LC4,36,11,720575940628081541,474,31.317013746733238,18.006896669661536,37
LC4,36,12,720575940628064260,514,31.711119631903713,18.294680132830003,37
LC4,36,13,720575940629753807,503,31.375577774008185,18.100551662614166,37
LC4,36,14,720575940622531767,465,31.068988820404755,17.86001505486758,37
LC4,36,15,720575940624111763,475,31.358232178247427,18.030318299522015,37
LC4,36,16,720575940614572742,496,31.299314607653677,18.04566248220383,37
LC4,36,17,720575940625934973,440,30.043114953161528,17.277829120026766,37
LC4,36,18,720575940612518055,448,30.024824386005825,17.28799009326076,37
LC4,36,19,720575940638456227,494,31.023556896907017,17.90265794557213,37
LC4,36,20,720575940624017251,461,30.4915400038697,17.554701623629725,37
LC4,37,1,720575940617026260,500,31.211347311096205,18.012035587955978,38
LC4,37,2,720575940613260959,530,31.98575591272469,18.469302079792286,38
LC4,37,3,720575940618676440,463,30.83889752412569,17.737874604490123,38
LC4,37,4,720575940614914107,493,31.806164401975536,18.29932041674671,38
LC4,37,5,720575940605598892,481,31.497124334070563,18.114992436155568,38
LC4,37,6,720575940619397542,516,31.63730519782871,18.262723083449742,38
LC4,37,7,720575940649229433,517,31.730161932440666,18.310755031133723,38
LC4,37,8,720575940633580384,479,30.700650194970052,17.704705390468916,38
LC4,37,9,720575940615053580,474,31.266492693038067,17.981486825974393,38
LC4,37,10,720575940624017251,473,30.79837325049408,17.73884320745357,38
LC4,37,11,720575940628462340,500,31.484350503569942,18.14931881101225,38
LC4,37,12,720575940615575007,527,31.96599967351421,18.45294705392366,38
LC4,37,13,720575940616713355,512,31.45602823070353,18.16197299396775,38
LC4,37,14,720575940624111763,487,31.611189201029795,18.18636884824194,38
LC4,37,15,720575940625934973,447,30.210748791344045,17.380007758200406,38
LC4,37,16,720575940618312606,527,31.969276403932746,18.45401497630587,38
LC4,37,17,720575940612518055,458,30.27310885980676,17.438506541354457,38
LC4,37,18,720575940618723749,471,30.683445929917205,17.676386183196946,38
LC4,37,19,720575940618807105,471,30.94494853875448,17.809564886532087,38
LC4,37,20,720575940614572742,514,31.662531981725465,18.27042718744707,38
LC4,38,1,720575940605598892,493,31.753171642760265,18.272613885215385,39
LC4,38,2,720575940613260959,539,32.15023917144463,18.572535358609848,39
LC4,38,3,720575940628462340,518,31.87621476877853,18.388099427049468,39
LC4,38,4,720575940624111763,505,32.04372677685137,18.44684521063477,39
LC4,38,5,720575940628081541,497,31.78800124513897,18.298717662939218,39
LC4,38,6,720575940631338271,519,31.59910400992132,18.249978018122896,39
LC4,38,7,720575940628064260,536,32.13439353495051,18.557650511642926,39
LC4,38,8,720575940617026260,524,31.762411676694633,18.34358164638418,39
LC4,38,9,720575940627519107,473,31.008206460636146,17.84689134751482,39
LC4,38,10,720575940610522009,478,30.834607774237313,17.76971719736393,39
LC4,38,11,720575940633580384,498,31.137169949388714,17.97000218274343,39
LC4,38,12,720575940615053580,486,31.50747923843351,18.131558141399786,39
LC4,38,13,720575940649229433,526,31.90020984230103,18.4171614960268,39
LC4,38,14,720575940616713355,529,31.89330656841927,18.420844421285658,39
LC4,38,15,720575940615462587,484,31.166381987724506,17.95226332989933,39
LC4,38,16,720575940628454522,479,31.21945379742636,17.96782527293761,39
LC4,38,17,720575940617176321,459,30.464979516945746,17.53785725988135,39
LC4,38,18,720575940613256863,499,31.843995293632098,18.331699196412366,39
LC4,38,19,720575940625934973,469,30.836555406119977,17.750207645845272,39
LC4,38,20,720575940624017251,486,31.086643902802024,17.91523799804053,39
LC4,39,1,720575940628699560,480,31.159236039025487,17.93978330430665,40
LC4,39,2,720575940626916936,517,32.28570334778002,18.59639348162939,40
LC4,39,3,720575940617266722,549,32.37350289969821,18.707077920442195,40
LC4,39,4,720575940638456227,541,32.17779775101743,18.590703793637815,40
LC4,39,5,720575940625038090,537,32.123383278954975,18.55421069261247,40
LC4,39,6,720575940624111763,517,32.26309706060985,18.584657821740215,40
LC4,39,7,720575940605598892,503,31.924583616005613,18.381947126390138,40
LC4,39,8,720575940633580384,510,31.42885528875282,18.14493023710284,40
LC4,39,9,720575940617176321,481,31.074283058646337,17.898686966529205,40
LC4,39,10,720575940628064260,546,32.33367588906339,18.67996038579639,40
LC4,39,11,720575940616713355,539,32.098690295944316,18.546391045745878,40
LC4,39,12,720575940613260959,550,32.365073357465114,18.704954318044066,40
LC4,39,13,720575940613256863,506,31.988602170791133,18.42075530675065,40
LC4,39,14,720575940628081541,504,31.93403397995001,18.388522431041288,40
LC4,39,15,720575940618807105,495,31.540759147470254,18.167410001267555,40
LC4,39,16,720575940622531767,500,31.89676236310884,18.361326239853042,40
LC4,39,17,720575940617026260,541,32.176769165189455,18.590016176824193,40
LC4,39,18,720575940625934973,486,31.310177528101853,18.030226008205766,40
LC4,39,19,720575940618676440,496,31.68205335460857,18.242608511932943,40
LC4,39,20,720575940615462587,493,31.43126549685205,18.107293225712795,40
LC4,40,1,720575940611134833,548,32.43512856744304,18.735590083731765,41
LC4,40,2,720575940615127227,562,32.64951873396866,18.87406608838647,41
LC4,40,3,720575940630484495,527,32.441823578650585,18.697056219778467,41
LC4,40,4,720575940617026260,547,32.31085395506074,18.670841544981776,41
LC4,40,5,720575940610522009,500,31.43286858213809,18.123540284946237,41
LC4,40,6,720575940620795728,524,32.399361314428,18.66909875347011,41
LC4,40,7,720575940618002644,518,32.20123615424034,18.55539995419783,41
LC4,40,8,720575940631338271,546,32.23213346536153,18.62896296961494,41
LC4,40,9,720575940618807105,508,31.806998557363023,18.33171468814065,41
LC4,40,10,720575940628462340,547,32.433025727152604,18.733166546014417,41
LC4,40,11,720575940620903551,559,32.566696485505055,18.82593228618748,41
LC4,40,12,720575940605598892,510,32.064204571703485,18.46840139261868,41
LC4,40,13,720575940617176321,495,31.39005810094188,18.090802929742523,41
LC4,40,14,720575940618676440,506,31.83614453109096,18.34271194088513,41
LC4,40,15,720575940625991043,516,32.166006322801,18.532718354489106,41
LC4,40,16,720575940612518055,505,31.512130402439702,18.175245664932326,41
LC4,40,17,720575940628699560,496,31.545786889706882,18.172584109938313,41
LC4,40,18,720575940625038090,555,32.4704838107789,18.769045212266846,41
LC4,40,19,720575940622108001,512,31.996070591340896,18.436623791819258,41
LC4,40,20,720575940622531767,512,32.11944779095177,18.50106315116146,41
