pre,pre_x,pre_y,pre_z,post_x,post_y,post_z,type,mappedSection,mappedSegRangeVar
720575940612518055,427.5,243.416,145.4,427.42,243.372,145.36,LC4,dend[1183],1.0
720575940626626895,430.14,240.98,145.2,429.984,240.98,145.2,LC4,dend[1161],0.48622485456992864
720575940633580384,430.596,242.956,145.12,430.568,242.824,145.08,LC4,dend[1158],1.0
720575940626626895,430.248,240.972,145.32,430.136,240.94,145.36,LC4,dend[1161],0.49173800327090916
720575940617266722,431.808,241.972,145.36,431.692,241.948,145.32,LC4,dend[1156],1.0
720575940614572742,414.972,238.356,146.48,414.888,238.44,146.52,LC4,dend[1413],0.7387493185477125
720575940629753807,432.944,239.2,142.8,432.86,239.368,142.76,LC4,dend[1461],0.8051349005317229
720575940614572742,433.608,234.688,137.16,433.5,234.744,137.12,LC4,dend[1506],0.7606772322067554
720575940614572742,428.528,235.976,140.28,428.548,235.872,140.24,LC4,dend[1781],1.0
720575940614572742,428.336,246.392,137.76,428.244,246.496,137.72,LC4,dend[26],0.30216366330877176
720575940640612480,408.912,243.816,154.68,408.816,243.72,154.68,LC4,dend[1336],0.42882406111010535
720575940625934973,439.104,235.628,136.96,439.032,235.688,136.96,LC4,dend[17],0.2051970756602869
720575940625934973,428.864,238.96,149.52,428.784,239.016,149.52,LC4,dend[1193],0.2491258594010593
720575940628064260,433.3,239.968,146.72,433.376,239.892,146.72,LC4,dend[1147],0.30617428291455967
720575940632769180,435.536,235.472,134.76,435.6,235.476,134.72,LC4,dend[1498],0.07398066116859399
720575940632769180,430.26,232.284,145.88,430.396,232.244,145.92,LC4,dend[1762],1.0
720575940625991043,435.708,234.996,135.48,435.72,234.9,135.48,LC4,dend[1821],0.649316787867371
720575940634517856,415.32,237.888,158.8,415.268,237.992,158.8,LC4,dend[1437],0.3448844945102974
720575940620795728,433.756,236.5,135.76,433.888,236.512,135.72,LC4,dend[1500],0.7986947622556984
720575940632769180,434.22,238.54,134.8,434.368,238.56,134.84,LC4,dend[1500],1.0
720575940622108001,436.368,235.416,135.16,436.264,235.336,135.12,LC4,dend[15],1.0
720575940617026260,413.444,233.92,153.4,413.376,234.024,153.36,LC4,dend[1657],0.940899355950529
720575940617026260,425.212,234.728,153.12,425.048,234.62,153.08,LC4,dend[1725],0.062000904163347095
720575940617026260,431.664,243.256,139.2,431.744,243.276,139.16,LC4,dend[24],1.0
720575940617266722,435.44,233.98,136.52,435.504,234.068,136.52,LC4,dend[1821],0.8663467512401325
720575940618676440,408.52,238.776,157.36,408.428,238.748,157.36,LC4,dend[1282],0.08041015663438136
720575940618676440,437.556,231.908,138.12,437.608,231.996,138.12,LC4,dend[1849],0.8713884848422692
720575940630484495,411.348,240.824,153.0,411.336,240.892,152.92,LC4,dend[1345],0.5770216201858708
720575940626605200,418.424,239.736,154.2,418.344,239.824,154.2,LC4,dend[1445],0.4175587579860557
720575940618807105,423.416,241.128,153.84,423.464,241.212,153.84,LC4,dend[1220],0.2232586699156674
720575940626626895,423.796,241.264,153.84,423.76,241.168,153.84,LC4,dend[1220],0.17896902041292748
720575940618676440,432.508,233.42,138.16,432.432,233.484,138.16,LC4,dend[1529],0.4323896421773555
720575940618676440,427.82,234.724,153.12,427.796,234.84,153.12,LC4,dend[1743],0.9207217211323606
720575940631338271,428.336,233.648,149.68,428.392,233.56,149.64,LC4,dend[1712],0.16076802690144354
720575940634517856,416.492,242.396,150.32,416.528,242.452,150.28,LC4,dend[1414],1.0
720575940616713355,424.748,242.344,150.04,424.908,242.408,150.08,LC4,dend[1211],0.3121630885624988
720575940615462587,422.244,239.416,151.04,422.268,239.248,151.0,LC4,dend[1228],0.971092544781528
720575940615575007,417.844,242.752,155.52,417.932,242.664,155.48,LC4,dend[1444],0.4244337535264713
720575940615575007,407.28,243.864,159.92,407.164,243.952,159.88,LC4,dend[1331],0.5886695158742827
720575940616713355,417.016,246.388,151.08,417.144,246.336,151.04,LC4,dend[1456],0.9521119319553669
720575940617176321,429.016,232.656,150.28,428.944,232.584,150.32,LC4,dend[1713],0.49742935801657867
720575940615575007,409.9,240.608,156.8,409.808,240.596,156.8,LC4,dend[1334],0.9519901477786814
720575940625038090,414.728,231.752,150.24,414.656,231.628,150.24,LC4,dend[1632],0.45391913399881434
720575940617026260,437.656,230.208,137.56,437.704,230.192,137.56,LC4,dend[7],0.5480481209393939
720575940628699560,424.8,242.28,151.28,424.696,242.312,151.28,LC4,dend[1211],0.7608652750030784
720575940628699560,417.272,246.096,151.4,417.38,246.08,151.44,LC4,dend[1457],0.8865611433270504
720575940617026260,420.892,242.872,148.12,420.8,242.792,148.12,LC4,dend[1249],0.5275371320697885
720575940625934973,429.36,238.68,147.92,429.384,238.76,147.92,LC4,dend[1190],1.0
720575940617026260,437.68,230.324,137.44,437.752,230.248,137.48,LC4,dend[7],0.7181676607498813
720575940611134833,411.152,244.748,147.96,411.284,244.72,147.96,LC4,dend[1398],0.9352609152781884
720575940617176321,416.292,240.4,159.24,416.244,240.3,159.28,LC4,dend[1442],0.932768348822814
720575940638456227,407.064,240.728,159.48,407.152,240.836,159.48,LC4,dend[1319],0.8493776335800021
720575940638456227,415.408,238.12,158.6,415.304,238.136,158.6,LC4,dend[1437],0.12280977184639667
720575940616713355,418.412,247.632,149.92,418.468,247.756,149.84,LC4,dend[1241],0.6472376121112323
720575940605598892,435.804,239.264,144.8,435.96,239.248,144.76,LC4,dend[1462],0.8965888998742203
720575940614572742,425.296,231.168,154.84,425.336,231.28,154.8,LC4,dend[1727],0.923587685708312
720575940614572742,427.516,232.48,150.8,427.604,232.524,150.84,LC4,dend[1714],0.4210705525286697
720575940618807105,424.576,232.272,157.6,424.52,232.18,157.64,LC4,dend[1740],0.24409836402853627
720575940618676440,413.532,234.188,153.24,413.448,234.26,153.24,LC4,dend[1657],1.0
720575940612518055,411.26,242.848,153.44,411.144,242.876,153.48,LC4,dend[1274],0.6704479482806381
720575940613260959,411.064,243.232,153.68,411.116,243.124,153.64,LC4,dend[1274],1.0
720575940628462340,416.54,238.272,153.72,416.676,238.268,153.72,LC4,dend[1447],0.6089223806950108
720575940605598892,425.728,243.392,144.76,425.66,243.504,144.76,LC4,dend[1185],0.4746613191579721
720575940649229433,417.028,242.664,153.16,416.932,242.532,153.08,LC4,dend[1452],0.4132273534971753
720575940618676440,425.94,241.56,152.92,425.868,241.648,152.92,LC4,dend[1215],0.43049243992700253
720575940649229433,426.448,247.04,136.12,426.392,247.124,136.08,LC4,dend[26],0.5529392438620185
720575940622531767,432.436,241.852,144.92,432.432,241.98,144.92,LC4,dend[1155],0.29152852981410793
720575940618676440,428.008,242.764,145.96,427.96,242.856,145.96,LC4,dend[1182],0.5485342332153313
720575940618807105,427.608,242.76,145.88,427.68,242.92,145.84,LC4,dend[1182],0.730531886228771
720575940613260959,413.128,242.032,151.08,413.004,241.928,151.08,LC4,dend[1395],0.6567536024434398
720575940626626895,435.376,237.888,142.72,435.432,237.784,142.76,LC4,dend[1492],0.2537337041849251
720575940628454522,433.464,235.296,135.12,433.388,235.2,135.12,LC4,dend[1505],0.32092858573868577
720575940613256863,431.5,236.504,135.48,431.408,236.484,135.48,LC4,dend[1514],0.5205118814683021
720575940625991043,435.988,235.368,135.16,436.08,235.32,135.16,LC4,dend[15],1.0
720575940622108001,426.436,232.644,151.56,426.56,232.652,151.56,LC4,dend[1742],0.0901872494336029
720575940622108001,426.312,232.672,151.64,426.368,232.584,151.68,LC4,dend[1742],0.12992476267179803
720575940618676440,408.532,238.956,157.32,408.416,238.908,157.28,LC4,dend[1281],0.7442458297230066
720575940605598892,439.144,236.1,136.72,439.044,236.08,136.72,LC4,dend[17],0.26503692089564207
720575940625934973,437.764,234.024,137.4,437.68,234.068,137.36,LC4,dend[1824],0.47782880991636334
720575940633580384,421.272,245.616,149.24,421.396,245.608,149.2,LC4,dend[1234],1.0
720575940638496720,422.944,242.144,149.12,422.876,242.308,149.08,LC4,dend[1230],0.5074117709786666
720575940618002644,430.928,233.944,139.16,430.828,233.852,139.2,LC4,dend[1548],0.4835777427537127
720575940628699560,427.796,242.608,148.16,427.764,242.504,148.16,LC4,dend[1199],0.3007969542228947
720575940618002644,423.656,241.22,153.56,423.752,241.268,153.6,LC4,dend[1218],1.0
720575940625991043,418.512,240.404,148.16,418.508,240.552,148.2,LC4,dend[1417],0.9619331837692404
720575940612518055,411.716,243.008,153.68,411.696,243.132,153.68,LC4,dend[1338],0.38022291109571166
720575940615127227,429.512,235.272,153.8,429.472,235.176,153.8,LC4,dend[1744],0.9476493977374459
720575940626626895,432.908,233.604,151.24,432.92,233.716,151.2,LC4,dend[1698],0.09564431002868352
720575940631338271,421.644,243.464,149.84,421.696,243.4,149.88,LC4,dend[1246],0.5876651156172923
720575940633580384,431.064,235.088,150.2,431.152,235.008,150.2,LC4,dend[1700],0.4787213316889977
720575940622108001,430.488,236.608,138.4,430.592,236.604,138.44,LC4,dend[1807],0.8833123361343737
720575940614914107,441.224,238.096,138.8,441.128,238.152,138.76,LC4,dend[17],0.823445582433974
720575940628699560,431.22,235.18,139.2,431.28,235.304,139.2,LC4,dend[1539],0.8392966534522455
720575940615127227,433.424,234.36,138.96,433.556,234.308,138.96,LC4,dend[1520],1.0
720575940615575007,431.776,244.116,139.88,431.824,244.192,139.88,LC4,dend[1121],0.3418591739797245
720575940610522009,428.888,232.464,148.96,428.844,232.332,148.92,LC4,dend[1705],0.8331513775503943
720575940630851036,407.672,240.896,158.56,407.544,240.952,158.56,LC4,dend[1319],0.46952255246987923
720575940626626895,424.972,240.94,150.96,424.848,240.984,150.96,LC4,dend[1229],0.7637621110079791
720575940615462587,423.112,240.524,151.16,423.02,240.588,151.16,LC4,dend[1228],0.42287545410727895
720575940633580384,433.504,239.036,147.6,433.616,239.112,147.56,LC4,dend[1147],0.9460150308679843
720575940620903551,431.988,231.652,147.28,431.936,231.528,147.24,LC4,dend[1761],0.5306043631891758
720575940633580384,429.644,233.316,143.44,429.52,233.288,143.44,LC4,dend[1766],0.8117851729342426
720575940633580384,429.488,233.908,145.08,429.484,234.064,145.04,LC4,dend[1768],0.9507104212514536
720575940617176321,416.648,240.428,158.92,416.484,240.316,158.96,LC4,dend[1442],0.7527773755316562
720575940625934973,415.64,238.324,158.04,415.592,238.424,158.0,LC4,dend[1435],0.5849318075225336
720575940612580977,426.196,243.172,141.32,426.356,243.156,141.32,LC4,dend[1108],0.7068917576520076
720575940616713355,435.336,236.912,142.76,435.304,237.04,142.76,LC4,dend[1494],0.6698985708899294
720575940618002644,436.504,240.608,142.28,436.292,240.592,142.2,LC4,dend[1463],0.8909856503038154
720575940626916936,435.504,236.984,142.36,435.488,237.112,142.4,LC4,dend[1494],0.38389223245535703
720575940614572742,427.396,231.02,151.96,427.328,230.924,151.96,LC4,dend[1716],0.9942932694569475
720575940617176321,428.124,233.088,151.8,428.016,233.136,151.76,LC4,dend[1743],0.21782439989460364
720575940628454522,426.2,231.556,154.8,426.164,231.684,154.8,LC4,dend[1726],0.852108089869589
720575940622108001,430.436,236.452,138.2,430.52,236.38,138.16,LC4,dend[1807],0.8084577952226022
720575940617266722,434.904,231.816,140.28,435.016,231.828,140.28,LC4,dend[1843],0.8571181862679867
720575940625991043,430.736,237.128,138.24,430.864,237.088,138.28,LC4,dend[1809],0.42969384443938247
720575940622108001,438.248,232.756,137.44,438.36,232.7,137.44,LC4,dend[10],0.2655904458126202
720575940614914107,407.816,244.368,157.72,407.816,244.244,157.72,LC4,dend[1326],0.9301492006281005
720575940611134833,433.828,239.104,147.4,433.744,239.16,147.44,LC4,dend[1147],0.9001498291185495
720575940640612480,424.348,232.296,158.08,424.444,232.244,158.08,LC4,dend[1740],0.3916140844016218
720575940614572742,424.516,232.128,158.36,424.512,232.24,158.32,LC4,dend[1740],0.4844123930563479
720575940638496720,424.916,232.724,159.32,424.972,232.824,159.28,LC4,dend[1740],0.9662884090666293
720575940640612480,422.104,232.476,158.68,421.984,232.556,158.72,LC4,dend[1737],0.9717937002621371
720575940634517856,427.616,232.484,151.72,427.564,232.596,151.68,LC4,dend[1714],0.8403019547516061
720575940616713355,426.016,240.608,152.64,425.952,240.588,152.68,LC4,dend[1214],0.9474541748271005
720575940622939836,441.064,238.008,136.96,441.052,238.116,136.96,LC4,dend[17],0.7620987065960222
720575940629753807,410.808,244.504,152.52,410.672,244.544,152.52,LC4,dend[1346],0.5294857739421914
720575940620903551,423.968,232.592,156.92,424.04,232.488,156.92,LC4,dend[1734],0.9550389650766181
720575940618312606,417.9,237.944,157.76,418.012,238.028,157.8,LC4,dend[1441],0.9542529745536733
720575940625934973,439.172,235.6,137.12,439.1,235.7,137.16,LC4,dend[17],0.21779761334486383
720575940638456227,436.22,234.944,138.2,436.172,234.952,138.2,LC4,dend[1829],0.4153988213167321
720575940605598892,433.784,234.168,138.84,433.688,234.252,138.84,LC4,dend[1520],1.0
720575940626626895,423.136,241.624,155.2,423.252,241.616,155.16,LC4,dend[1226],0.8925753912689939
720575940638496720,437.276,239.864,143.0,437.152,239.832,142.96,LC4,dend[1463],1.0
720575940638496720,437.224,239.992,143.16,437.216,239.956,143.24,LC4,dend[1463],1.0
720575940615575007,431.268,241.16,141.56,431.408,241.184,141.6,LC4,dend[1123],0.7235450771850201
720575940618723749,433.644,240.444,142.4,433.632,240.556,142.44,LC4,dend[1459],0.9918200905208421
720575940638496720,437.252,240.188,144.4,437.264,240.108,144.44,LC4,dend[1462],0.8659512006379065
720575940615575007,432.08,231.592,144.28,431.968,231.544,144.28,LC4,dend[1683],0.5928360792731849
720575940618676440,431.964,232.972,143.4,431.856,232.856,143.44,LC4,dend[1765],0.9875232725083034
720575940615575007,433.208,241.368,143.92,433.212,241.508,143.92,LC4,dend[1150],1.0
720575940614914107,407.432,244.448,158.0,407.404,244.316,158.0,LC4,dend[1326],0.2501806222545648
720575940615575007,424.716,232.616,159.08,424.768,232.724,159.04,LC4,dend[1740],0.8377169308623994
720575940618723749,431.596,231.1,148.12,431.536,230.976,148.12,LC4,dend[1756],0.5355223119711363
720575940612518055,431.924,232.692,148.08,431.808,232.66,148.04,LC4,dend[1690],0.9053855928463656
720575940626916936,420.656,242.284,150.48,420.484,242.196,150.44,LC4,dend[1253],0.8813099108756645
720575940611134833,418.312,240.896,154.24,418.4,240.812,154.28,LC4,dend[1445],0.15856489910637914
720575940614914107,419.952,241.056,149.68,420.02,240.888,149.72,LC4,dend[1458],0.21374190440847346
720575940620795728,420.244,239.288,150.48,420.0,239.264,150.44,LC4,dend[1458],0.4919932800292851
720575940625934973,413.06,241.564,151.2,413.144,241.692,151.2,LC4,dend[1395],0.796657768300744
720575940622531767,428.312,232.196,150.72,428.252,232.188,150.72,LC4,dend[1709],0.9696805181204576
720575940626626895,415.884,231.748,151.2,415.78,231.776,151.2,LC4,dend[1635],1.0
720575940626626895,423.256,242.208,153.6,423.22,242.056,153.6,LC4,dend[1217],0.44485645072494656
720575940626626895,423.776,241.916,153.6,423.744,241.764,153.6,LC4,dend[1216],0.9564951838272678
720575940622108001,410.592,242.368,154.4,410.448,242.38,154.36,LC4,dend[1337],0.02148866038990162
720575940617026260,434.664,240.996,145.32,434.608,241.048,145.32,LC4,dend[1135],0.2211319341632516
720575940620903551,434.636,240.836,145.24,434.616,240.968,145.2,LC4,dend[1134],0.6947936947889533
720575940627519107,429.56,234.04,145.2,429.496,234.128,145.2,LC4,dend[1768],1.0
720575940625991043,433.968,236.224,135.12,433.896,236.224,135.16,LC4,dend[1499],0.8742135526509529
720575940628454522,434.08,234.692,135.68,433.948,234.804,135.68,LC4,dend[1505],0.11176026821151884
720575940618002644,417.904,246.08,151.52,417.74,246.024,151.52,LC4,dend[1455],1.0
720575940631338271,421.736,243.656,151.76,421.656,243.56,151.8,LC4,dend[1247],0.8844196695327579
720575940622939836,410.12,245.6,152.88,410.22,245.608,152.84,LC4,dend[1346],0.8810439185694158
720575940638496720,422.444,240.896,151.68,422.552,240.8,151.72,LC4,dend[1228],0.44776904076550617
720575940628699560,424.216,241.816,152.0,424.204,241.936,152.04,LC4,dend[1211],1.0
720575940622939836,411.036,241.796,152.8,410.968,241.656,152.84,LC4,dend[1345],0.3214361387446987
720575940632769180,413.42,241.252,151.32,413.416,241.372,151.32,LC4,dend[1395],0.9948851045848438
720575940613260959,412.308,242.536,151.64,412.208,242.544,151.64,LC4,dend[1378],1.0
720575940605598892,411.916,240.224,152.88,411.836,240.104,152.88,LC4,dend[1345],0.8562042456576325
720575940630998339,428.752,233.932,152.6,428.652,234.012,152.64,LC4,dend[1743],0.6454876828230959
720575940631338271,431.868,233.248,151.36,431.924,233.384,151.36,LC4,dend[1693],0.7978854374457235
720575940625038090,415.272,232.2,151.72,415.228,232.072,151.72,LC4,dend[1634],0.4295733269573636
720575940630484495,426.616,232.304,151.84,426.632,232.4,151.8,LC4,dend[1721],0.6001926303993602
720575940625038090,415.424,232.32,151.8,415.396,232.2,151.8,LC4,dend[1634],0.6706408983685139
720575940625038090,425.288,233.352,152.8,425.392,233.408,152.8,LC4,dend[1723],0.4968112058226472
720575940615575007,420.968,236.504,151.88,420.88,236.528,151.88,LC4,dend[1458],1.0
720575940614914107,423.824,234.312,152.96,423.928,234.192,152.88,LC4,dend[1724],0.6496085914039884
720575940629753807,430.772,238.776,142.84,430.716,238.92,142.88,LC4,dend[1152],0.9905254407694882
720575940649229433,428.176,240.072,143.2,428.024,240.028,143.2,LC4,dend[1170],0.25235863944723225
720575940626605200,435.68,237.856,143.0,435.648,237.984,143.0,LC4,dend[1495],0.2734962607845847
720575940630484495,428.808,241.52,143.56,428.82,241.396,143.56,LC4,dend[1167],0.7014010135217897
720575940627519107,429.808,233.804,144.36,429.72,233.912,144.36,LC4,dend[1768],0.5563704968384224
720575940633580384,429.588,233.588,143.96,429.504,233.672,143.96,LC4,dend[1768],0.24489843905647374
720575940624111763,429.136,234.164,144.12,429.288,234.068,144.08,LC4,dend[1768],0.4311655077293265
720575940628454522,426.956,240.248,143.32,427.088,240.304,143.32,LC4,dend[1170],0.9257453230917926
720575940622531767,438.564,232.068,144.0,438.676,232.068,144.04,LC4,dend[1835],0.714429088894435
720575940628699560,431.888,232.284,143.08,431.752,232.24,143.12,LC4,dend[1765],0.5367723182241789
720575940627519107,431.432,231.988,142.88,431.424,231.952,142.88,LC4,dend[1682],0.7709194639075818
720575940628081541,416.924,238.752,153.32,417.044,238.724,153.32,LC4,dend[1446],0.3829644958563957
720575940628081541,420.192,237.904,150.88,420.156,238.024,150.88,LC4,dend[1458],0.7053613990245688
720575940628081541,416.728,238.904,153.52,416.892,238.924,153.52,LC4,dend[1445],0.9131717300003468
720575940628699560,425.484,242.36,149.68,425.352,242.352,149.64,LC4,dend[1210],0.3351788710559766
720575940628081541,428.7,236.404,138.64,428.724,236.292,138.6,LC4,dend[1779],0.33626797522043667
720575940628081541,426.312,242.152,140.88,426.32,242.276,140.88,LC4,dend[1109],0.04145506732556291
720575940634517856,415.032,236.968,158.4,414.96,236.832,158.4,LC4,dend[1438],0.9045221882185353
720575940628064260,429.54,240.684,146.72,429.572,240.768,146.72,LC4,dend[1175],0.9537118238348669
720575940615575007,430.632,242.156,141.8,430.708,242.248,141.84,LC4,dend[1128],0.8611325971587143
720575940615127227,430.62,239.688,141.32,430.524,239.612,141.28,LC4,dend[1126],0.8622452645975269
720575940613260959,424.64,241.76,141.52,424.72,241.832,141.52,LC4,dend[1109],0.8200664361549919
720575940612518055,437.512,238.644,142.24,437.608,238.568,142.24,LC4,dend[1480],0.6716690763336582
720575940625934973,433.012,234.376,141.16,432.96,234.312,141.2,LC4,dend[1545],0.22873428195535897
720575940624111763,432.016,235.248,141.4,432.144,235.28,141.4,LC4,dend[1546],0.9638358896836269
720575940617176321,433.288,233.852,141.64,433.148,233.9,141.68,LC4,dend[1545],0.5945365211254307
720575940627519107,432.972,233.892,141.52,433.048,233.956,141.48,LC4,dend[1545],0.46542745506114963
720575940610522009,431.224,232.904,140.64,431.132,232.908,140.64,LC4,dend[1681],0.39759003990948966
720575940610522009,436.52,230.456,142.68,436.488,230.34,142.72,LC4,dend[1867],0.4741430438707958
720575940631338271,429.48,242.272,140.12,429.428,242.248,140.08,LC4,dend[1098],0.6797754029967733
720575940631338271,421.372,246.124,149.36,421.332,246.02,149.4,LC4,dend[1236],0.45108626478816605
720575940631338271,438.216,235.592,144.4,438.328,235.728,144.4,LC4,dend[1484],0.9056954529158829
720575940620903551,434.452,235.776,136.28,434.52,235.852,136.28,LC4,dend[1497],0.23350633960697031
720575940620903551,431.412,233.528,150.16,431.388,233.652,150.16,LC4,dend[1693],0.13635826631774955
720575940620903551,433.268,235.42,138.28,433.372,235.444,138.28,LC4,dend[1527],0.7138418308035759
720575940618002644,431.848,234.576,137.96,431.82,234.44,137.96,LC4,dend[1529],0.46870025772799956
720575940618002644,429.528,233.792,143.72,429.456,233.708,143.72,LC4,dend[1768],0.1273873351046821
720575940618002644,421.248,234.864,159.76,421.2,234.74,159.72,LC4,dend[1738],0.7925520697794086
720575940612518055,406.744,244.148,158.52,406.82,244.204,158.56,LC4,dend[1327],0.31289462228848075
720575940612518055,428.704,242.028,145.76,428.6,242.008,145.76,LC4,dend[1177],1.0
720575940627519107,420.152,237.364,151.48,420.08,237.22,151.48,LC4,dend[1458],0.8533706967219873
720575940627519107,429.72,233.864,144.52,429.64,233.912,144.48,LC4,dend[1768],0.6136595532623774
720575940627519107,436.848,229.788,144.08,436.96,229.82,144.08,LC4,dend[1869],0.17516324643836217
720575940628454522,421.344,238.848,156.96,421.484,238.864,156.96,LC4,dend[1223],0.7672912517141947
720575940628454522,425.976,231.556,155.2,425.84,231.572,155.16,LC4,dend[1726],1.0
720575940618676440,411.928,245.2,155.68,411.96,245.112,155.72,LC4,dend[1342],0.5562349216698489
720575940612518055,406.84,244.112,159.84,406.98,244.16,159.84,LC4,dend[1327],1.0
720575940618002644,421.312,234.78,159.64,421.28,234.672,159.64,LC4,dend[1738],0.7484496139732568
720575940617266722,422.464,242.376,153.64,422.516,242.312,153.6,LC4,dend[1217],1.0
720575940618723749,430.712,234.032,139.0,430.748,233.96,139.0,LC4,dend[1547],0.8715359022275379
720575940618723749,431.844,241.712,144.04,431.856,241.844,144.04,LC4,dend[1153],0.4361970980630459
720575940619397542,428.06,235.428,153.32,428.04,235.304,153.36,LC4,dend[1744],0.20117954243867112
720575940618723749,424.16,236.176,154.64,424.168,236.052,154.64,LC4,dend[1725],0.7367481400220169
720575940617266722,407.104,244.664,159.56,407.08,244.688,159.64,LC4,dend[1328],0.4675121767700499
720575940625934973,412.492,244.12,154.8,412.384,244.056,154.8,LC4,dend[1344],1.0
720575940622108001,411.88,243.436,155.04,411.832,243.428,155.0,LC4,dend[1339],0.3726360016386346
720575940615053580,412.2,244.956,155.84,412.1,244.836,155.8,LC4,dend[1341],1.0
720575940633580384,408.304,244.376,154.56,408.228,244.26,154.6,LC4,dend[1336],0.7357033062666507
720575940605598892,417.204,240.072,156.12,417.14,240.156,156.12,LC4,dend[1428],0.7793495964453915
720575940628454522,420.168,240.624,154.88,420.064,240.572,154.84,LC4,dend[1443],1.0
720575940622939836,418.824,240.888,155.04,418.748,240.804,155.04,LC4,dend[1427],1.0
720575940614572742,409.696,242.168,154.84,409.66,242.3,154.84,LC4,dend[1276],0.7364532446168338
720575940620795728,412.092,242.94,155.16,412.016,243.008,155.16,LC4,dend[1339],0.9274462751733732
720575940626626895,429.424,235.172,154.64,429.364,235.12,154.6,LC4,dend[1744],0.9893746351396893
720575940605598892,437.224,239.972,143.16,437.192,239.912,143.16,LC4,dend[1463],1.0
720575940614914107,424.244,231.768,156.04,424.24,231.664,156.04,LC4,dend[1741],0.8993560227955723
720575940628462340,425.552,231.664,154.96,425.648,231.736,154.96,LC4,dend[1726],0.9365967182525404
720575940624017251,427.18,231.948,155.32,427.108,231.9,155.28,LC4,dend[1728],0.9893566287917959
720575940605598892,435.188,232.352,139.04,435.296,232.416,139.04,LC4,dend[1841],0.8006783476924165
720575940624111763,418.676,240.312,154.32,418.596,240.46,154.28,LC4,dend[1445],0.21757059289615885
720575940630998339,436.72,234.808,136.76,436.608,234.736,136.72,LC4,dend[15],1.0
720575940617266722,429.124,231.616,139.4,429.1,231.724,139.4,LC4,dend[1553],0.855277718225892
720575940626605200,418.136,240.6,154.24,418.28,240.556,154.24,LC4,dend[1445],0.24247902887954922
720575940626605200,406.056,239.464,159.52,406.088,239.348,159.52,LC4,dend[1285],0.8256561399443333
720575940626605200,439.04,232.464,141.32,438.892,232.5,141.36,LC4,dend[1833],0.5238178089969115
720575940626605200,405.78,239.316,160.08,405.84,239.224,160.08,LC4,dend[1285],1.0
720575940626605200,435.232,239.176,139.44,435.104,239.22,139.44,LC4,dend[1470],1.0
720575940624017251,418.524,241.328,148.52,418.484,241.444,148.52,LC4,dend[1419],0.49495955655404855
720575940624017251,407.116,240.972,158.8,407.24,240.944,158.8,LC4,dend[1319],0.5936819794835267
720575940615462587,405.708,243.536,157.64,405.752,243.432,157.64,LC4,dend[1324],1.0
720575940628064260,428.712,235.852,140.08,428.556,235.84,140.08,LC4,dend[1781],0.9087792370231981
720575940628064260,433.14,241.752,143.2,433.152,241.876,143.16,LC4,dend[1150],1.0
720575940628064260,429.372,240.66,146.6,429.432,240.816,146.64,LC4,dend[1175],0.9478894774923694
720575940615462587,418.352,239.696,154.04,418.288,239.76,154.04,LC4,dend[1445],0.4577696922005711
720575940630998339,431.984,234.08,150.04,431.38,233.632,150.0,LC4,dend[1692],0.8230981770321807
720575940617266722,420.992,245.488,147.88,420.896,245.648,147.84,LC4,dend[1238],0.8431036549605132
720575940611134833,411.6,244.548,147.72,411.56,244.472,147.68,LC4,dend[1398],0.6711192941963086
720575940617176321,430.432,241.932,146.44,430.352,241.976,146.44,LC4,dend[1165],0.6099388299649492
720575940625934973,427.912,242.968,147.6,427.792,242.94,147.6,LC4,dend[1197],0.7016132293843146
720575940614572742,415.128,238.284,146.4,415.048,238.216,146.36,LC4,dend[1413],0.852903501405051
720575940610522009,427.184,243.092,147.4,427.164,243.008,147.4,LC4,dend[1197],1.0
720575940628699560,407.024,241.728,160.88,406.956,241.584,160.92,LC4,dend[1320],0.985577652846546
720575940628699560,425.276,242.252,150.28,425.112,242.264,150.24,LC4,dend[1211],0.3983517139504742
720575940626605200,429.804,243.452,139.68,429.892,243.552,139.6,LC4,dend[1120],0.3878356728232771
720575940615053580,427.708,243.652,139.56,427.816,243.656,139.56,LC4,dend[1102],0.34766778275565163
720575940624111763,436.404,240.268,140.4,436.504,240.272,140.44,LC4,dend[1470],1.0
720575940613260959,428.0,235.808,139.68,428.012,235.924,139.68,LC4,dend[1779],0.9325748535988444
720575940615462587,432.332,234.856,141.04,432.452,234.744,141.04,LC4,dend[1544],0.9326514273403752
720575940612518055,431.716,233.992,140.16,431.708,233.84,140.16,LC4,dend[1544],0.5514963599603312
720575940612518055,435.368,231.812,139.84,435.264,231.784,139.88,LC4,dend[1843],0.6851501891720528
720575940612518055,435.472,231.888,140.16,435.376,231.932,140.12,LC4,dend[1843],0.7948810192305418
720575940613260959,438.456,232.88,139.6,438.36,232.852,139.6,LC4,dend[1833],0.16106492456754007
720575940626916936,438.508,232.756,139.72,438.496,232.624,139.68,LC4,dend[1833],0.18758359859587986
720575940626605200,439.092,232.404,140.72,438.984,232.368,140.68,LC4,dend[1833],0.40075290866307584
720575940630851036,431.532,241.728,139.48,431.632,241.772,139.48,LC4,dend[1127],0.9727992500703838
720575940614572742,428.32,242.144,140.12,428.424,242.052,140.12,LC4,dend[1100],0.5492088671202096
720575940618312606,433.808,240.652,141.08,433.888,240.592,141.08,LC4,dend[1467],0.48746230832976095
720575940628462340,430.648,238.124,139.56,430.584,237.968,139.6,LC4,dend[1808],0.6876683950718466
720575940628462340,409.816,240.412,156.76,409.792,240.56,156.72,LC4,dend[1334],0.9460736450383583
720575940628462340,409.676,240.348,156.92,409.728,240.448,156.92,LC4,dend[1334],1.0
720575940630484495,425.292,243.952,145.0,425.2,243.872,144.96,LC4,dend[1185],0.7386031520630825
720575940626916936,419.632,242.948,147.4,419.744,242.92,147.4,LC4,dend[1249],1.0
720575940626916936,419.196,242.84,147.04,419.208,242.728,147.0,LC4,dend[1251],0.3935503686038502
720575940626916936,438.224,232.452,141.08,438.368,232.4,141.12,LC4,dend[1833],0.4664017035314881
720575940626916936,438.58,232.64,140.24,438.632,232.536,140.24,LC4,dend[1833],0.30128743582218215
720575940613256863,429.148,246.48,137.8,429.104,246.536,137.8,LC4,dend[26],0.2393451591153308
720575940625038090,432.184,244.02,138.08,432.236,244.072,138.12,LC4,dend[24],1.0
720575940625934973,432.256,243.104,139.04,432.344,243.148,139.08,LC4,dend[24],1.0
720575940625038090,432.172,242.024,138.88,432.308,242.072,138.84,LC4,dend[24],1.0
720575940618312606,432.712,241.72,139.36,432.612,241.82,139.36,LC4,dend[24],0.5227132338422283
720575940628462340,431.572,237.612,138.16,431.48,237.58,138.16,LC4,dend[1811],0.17098070374489943
720575940613256863,435.124,240.584,137.88,435.036,240.616,137.88,LC4,dend[21],0.034757918036182424
720575940625991043,440.808,238.116,139.08,440.932,238.144,139.08,LC4,dend[17],0.8163019741787803
720575940625991043,430.876,237.176,138.12,431.008,237.172,138.16,LC4,dend[1809],0.667308737792374
720575940605598892,433.488,233.856,138.88,433.428,233.936,138.84,LC4,dend[1524],0.17897415047840742
720575940614572742,431.688,237.076,138.32,431.66,236.984,138.36,LC4,dend[1810],0.39661507092920795
720575940613260959,433.812,235.656,138.8,433.7,235.56,138.84,LC4,dend[1526],1.0
720575940624111763,433.472,235.652,138.16,433.444,235.54,138.12,LC4,dend[1527],1.0
720575940614572742,433.256,231.156,137.92,433.172,231.056,137.92,LC4,dend[1531],0.515715179082867
720575940615462587,435.736,235.28,138.04,435.632,235.256,137.96,LC4,dend[1822],0.4513698498003013
720575940626916936,439.332,237.584,138.0,439.432,237.632,138.0,LC4,dend[17],0.58889215059268
720575940614572742,434.472,231.224,137.96,434.448,231.164,137.92,LC4,dend[1848],0.8933901694954823
720575940625991043,439.232,238.672,139.2,439.144,238.736,139.2,LC4,dend[1479],0.8318040535381683
720575940620903551,431.888,231.784,147.28,431.732,231.732,147.28,LC4,dend[1761],0.44281422628998907
720575940634517856,412.896,242.44,150.48,412.988,242.4,150.48,LC4,dend[1400],1.0
720575940620795728,420.94,234.96,160.08,420.88,234.924,160.0,LC4,dend[1738],0.9385763715870077
720575940616713355,424.44,242.304,149.52,424.408,242.42,149.52,LC4,dend[1210],0.872820727173679
720575940633580384,407.768,244.472,154.96,407.744,244.36,154.96,LC4,dend[1336],0.8691815680589395
720575940633580384,433.632,239.3,146.68,433.584,239.664,146.76,LC4,dend[1147],0.4205309478634812
720575940624111763,426.876,244.772,139.92,427.0,244.768,139.92,LC4,dend[1119],0.9137931635025801
720575940633580384,432.812,240.124,146.12,432.792,239.976,146.12,LC4,dend[1146],0.42235147062437095
720575940626916936,418.804,242.704,145.88,418.916,242.688,145.92,LC4,dend[1251],0.977723322100771
720575940622108001,436.464,240.104,137.16,436.436,240.224,137.16,LC4,dend[20],0.6888669857808174
720575940617026260,433.724,234.764,137.04,433.652,234.724,137.0,LC4,dend[1503],1.0
720575940630851036,434.48,240.196,137.6,434.604,240.168,137.6,LC4,dend[21],0.1338450031874513
720575940640612480,435.812,234.344,137.28,435.74,234.384,137.2,LC4,dend[1823],0.859553863360263
720575940626626895,436.688,235.632,137.16,436.728,235.508,137.16,LC4,dend[1822],0.20583733476682484
720575940612580977,437.108,234.712,137.32,437.04,234.736,137.28,LC4,dend[1824],0.6559735419074544
720575940624111763,427.704,246.304,137.2,427.76,246.268,137.2,LC4,dend[26],0.33916279685157447
720575940625038090,437.528,239.68,137.52,437.564,239.804,137.52,LC4,dend[20],0.4027834238346814
720575940628462340,437.6,237.248,136.6,437.732,237.184,136.6,LC4,dend[17],0.34842852045844286
720575940626916936,440.024,235.272,137.0,440.088,235.188,136.96,LC4,dend[17],0.2004058644573415
720575940633580384,430.832,234.976,150.08,430.868,234.888,150.08,LC4,dend[1700],0.38826291369793786
720575940622108001,426.18,230.484,152.68,426.016,230.42,152.72,LC4,dend[1718],0.5556213935716344
720575940622108001,434.62,239.212,139.56,434.768,239.2,139.6,LC4,dend[1470],1.0
720575940622108001,430.292,237.228,138.52,430.408,237.188,138.52,LC4,dend[1808],0.032827425743534894
720575940633580384,433.6,239.468,146.52,433.604,239.608,146.52,LC4,dend[1147],0.3241034581300834
720575940633580384,438.092,237.768,142.28,438.204,237.88,142.28,LC4,dend[1482],0.030074485651349955
720575940612518055,417.16,240.064,156.76,417.036,240.092,156.72,LC4,dend[1428],0.9605138899539375
720575940628699560,416.38,240.112,156.76,416.392,239.98,156.76,LC4,dend[1430],0.3762680801338837
720575940626626895,418.552,243.664,157.2,418.5,243.512,157.24,LC4,dend[1444],1.0
720575940632769180,418.592,243.312,157.12,418.548,243.464,157.12,LC4,dend[1444],0.9754547817366589
720575940640612480,416.096,238.424,157.24,416.152,238.544,157.24,LC4,dend[1431],0.9592663589108038
720575940618723749,418.472,237.84,157.64,418.456,237.936,157.68,LC4,dend[1441],1.0
720575940628462340,426.764,229.976,156.52,426.692,230.088,156.44,LC4,dend[1730],0.9480634207213166
720575940649229433,416.836,242.372,153.6,416.732,242.348,153.56,LC4,dend[1453],0.0990160412055624
720575940611134833,409.44,242.76,155.92,409.364,242.828,155.84,LC4,dend[1335],0.9243965556377817
720575940611134833,431.736,236.684,151.44,431.636,236.768,151.48,LC4,dend[1702],0.32669044526072005
720575940611134833,436.324,237.984,141.2,436.32,237.824,141.2,LC4,dend[1476],0.7685939612978767
720575940611134833,407.38,244.4,158.04,407.316,244.26,158.04,LC4,dend[1326],0.1087331231435552
720575940611134833,425.496,232.38,154.12,425.592,232.42,154.12,LC4,dend[1726],0.5652991251949572
720575940618807105,433.352,234.456,138.76,433.42,234.384,138.76,LC4,dend[1520],0.9051707852393134
720575940618807105,433.452,234.512,138.64,433.496,234.364,138.68,LC4,dend[1520],0.894046503326611
720575940638496720,410.136,236.76,159.6,410.08,236.832,159.56,LC4,dend[1316],0.7973110282789485
720575940618723749,430.248,242.656,144.88,430.364,242.628,144.88,LC4,dend[1158],1.0
720575940638496720,407.252,245.2,160.0,407.192,245.06,160.0,LC4,dend[1329],0.32830383214969533
720575940638496720,407.244,245.056,160.08,407.232,244.9,160.12,LC4,dend[1328],1.0
720575940615127227,429.088,239.304,145.16,429.108,239.4,145.16,LC4,dend[1163],1.0
720575940629753807,434.988,239.096,139.72,434.92,239.2,139.68,LC4,dend[1470],1.0
720575940629753807,427.032,243.016,146.76,427.136,242.98,146.72,LC4,dend[1197],1.0
720575940629753807,418.052,237.816,157.96,418.0,237.92,157.96,LC4,dend[1441],1.0
720575940629753807,415.42,237.924,158.96,415.324,237.992,158.96,LC4,dend[1437],0.5051941541909623
720575940620903551,430.284,240.96,149.4,430.312,241.024,149.32,LC4,dend[1196],0.3777359459464375
720575940620903551,436.184,239.012,145.04,436.112,238.92,145.04,LC4,dend[1462],0.9454295667839135
720575940612580977,426.568,243.7,141.28,426.56,243.616,141.24,LC4,dend[1105],0.6231006266219447
720575940612580977,432.72,231.788,138.84,432.752,231.676,138.84,LC4,dend[1532],0.344632679915308
720575940612580977,437.02,232.22,138.8,437.012,232.16,138.8,LC4,dend[1851],0.9892827208805279
720575940617176321,426.512,241.964,148.2,426.408,242.032,148.2,LC4,dend[1201],0.5411454525426723
720575940617176321,412.112,245.216,155.12,411.984,245.168,155.08,LC4,dend[1341],0.8532001063186454
720575940617176321,435.568,232.404,138.84,435.468,232.44,138.84,LC4,dend[1841],0.6540130251751974
720575940628699560,407.452,241.496,160.88,407.34,241.372,160.84,LC4,dend[1320],1.0
720575940628699560,431.124,235.0,137.84,431.028,234.92,137.84,LC4,dend[1542],1.0
720575940628699560,431.192,241.644,146.44,431.12,241.732,146.36,LC4,dend[1165],0.9936639593068297
720575940615575007,430.448,243.672,140.68,430.352,243.64,140.64,LC4,dend[1121],0.9849637410092288
720575940622531767,431.136,238.436,140.12,431.128,238.308,140.12,LC4,dend[1808],1.0
720575940622531767,438.472,232.008,144.24,438.548,232.008,144.2,LC4,dend[1835],0.9228094452139686
720575940634517856,415.036,237.552,158.48,415.016,237.776,158.52,LC4,dend[1438],0.19635272046702126
720575940615575007,407.12,244.636,160.52,407.212,244.716,160.56,LC4,dend[1330],0.5713619860751243
720575940625697772,414.716,233.432,145.8,414.644,233.352,145.76,LPLC2,dend[1625],1.0
720575940636295019,409.06,231.572,145.68,409.036,231.464,145.52,LPLC2,dend[1613],0.555965775847441
720575940608088259,408.448,230.784,145.08,408.452,230.896,145.12,LPLC2,dend[1613],1.0
720575940629292785,409.608,231.28,145.64,409.528,231.384,145.72,LPLC2,dend[1613],0.28392232146191415
720575940618608177,408.592,231.492,145.48,408.8,231.448,145.44,LPLC2,dend[1613],0.6875318006414372
720575940625695269,408.308,230.996,145.48,408.416,230.972,145.48,LPLC2,dend[1613],0.8987669781287777
720575940634700980,413.144,233.532,144.56,413.276,233.532,144.56,LPLC2,dend[1618],0.9858759349649138
720575940641704656,412.1,229.508,144.92,412.056,229.528,144.84,LPLC2,dend[1614],0.7542442293556825
720575940628395797,413.508,229.764,145.0,413.596,229.944,144.92,LPLC2,dend[1594],0.7494437401598623
720575940632080146,403.064,243.496,152.4,403.104,243.632,152.44,LPLC2,dend[1369],0.5360334743797293
720575940632080146,410.056,242.228,150.6,410.08,242.128,150.6,LPLC2,dend[1347],0.41893576494082163
720575940632080146,402.5,243.14,152.28,402.48,243.28,152.28,LPLC2,dend[1373],0.7345655312945337
720575940632080146,402.936,243.44,152.24,402.868,243.58,152.24,LPLC2,dend[1369],0.7572346427287469
720575940632080146,407.688,237.468,155.56,407.608,237.424,155.6,LPLC2,dend[1282],0.9747927693955796
720575940632080146,403.912,239.164,148.96,403.824,239.244,148.96,LPLC2,dend[1361],0.6715580776155461
720575940612766691,407.992,237.768,156.84,407.988,237.876,156.8,LPLC2,dend[1282],0.45307477426686943
720575940610226645,405.128,234.84,159.36,405.16,234.904,159.4,LPLC2,dend[1296],0.47644184417051044
720575940617289782,415.088,230.256,143.88,415.056,230.204,143.92,LPLC2,dend[1592],0.15183628978780175
720575940617289782,405.356,235.268,159.32,405.28,235.184,159.32,LPLC2,dend[1296],0.27939715545135024
720575940627902078,403.488,236.484,159.96,403.608,236.456,159.96,LPLC2,dend[1298],1.0
720575940627902078,403.688,236.652,159.4,403.712,236.52,159.4,LPLC2,dend[1298],0.8938016019582552
720575940627902078,403.4,236.668,159.44,403.34,236.532,159.44,LPLC2,dend[1300],0.7710473513728616
720575940617289782,414.736,233.256,145.68,414.7,233.284,145.64,LPLC2,dend[1625],0.9863607815244453
720575940624208824,408.884,231.132,145.2,408.796,231.248,145.2,LPLC2,dend[1613],0.7846639471171738
720575940625216202,408.16,234.236,157.52,408.244,234.288,157.52,LPLC2,dend[1314],0.8080187984460574
720575940625216202,404.608,240.12,149.8,404.764,240.14,149.76,LPLC2,dend[1358],0.43119887403047275
720575940625216202,410.872,229.948,144.48,410.968,230.016,144.48,LPLC2,dend[1616],0.5049526767934167
720575940624208824,409.264,231.244,145.44,409.256,231.344,145.44,LPLC2,dend[1613],0.49539715287753117
720575940625216202,404.472,239.948,149.92,404.56,239.868,149.92,LPLC2,dend[1360],0.15039999892869166
720575940615055989,404.308,237.888,161.4,404.24,237.784,161.4,LPLC2,dend[1293],0.8703873141962519
720575940636295019,412.184,233.116,153.56,412.168,233.224,153.56,LPLC2,dend[1658],0.9949040162680064
720575940613470947,405.916,231.656,148.0,405.98,231.768,148.0,LPLC2,dend[1609],0.6957256362159377
720575940613470947,405.988,231.032,148.28,406.016,230.984,148.24,LPLC2,dend[1610],0.863519312199034
720575940612560680,410.72,232.168,150.96,410.796,232.052,150.96,LPLC2,dend[1662],0.4460460748116397
720575940629292785,414.872,230.6,140.52,414.832,230.424,140.52,LPLC2,dend[1575],0.08460099336269046
720575940629292785,409.396,231.184,145.52,409.34,231.284,145.56,LPLC2,dend[1613],0.4277448584466521
720575940617289782,405.428,235.512,159.2,405.324,235.352,159.2,LPLC2,dend[1296],0.11722191891703997
720575940655750305,416.236,232.212,140.64,416.172,232.072,140.64,LPLC2,dend[1577],0.6552029602774163
720575940655750305,415.72,232.752,141.28,415.688,232.68,141.32,LPLC2,dend[1577],0.9691769300454246
720575940655750305,411.64,230.24,144.48,411.6,230.112,144.48,LPLC2,dend[1616],0.1919758385755698
720575940607854531,405.004,240.4,149.92,404.976,240.276,149.92,LPLC2,dend[1356],0.8729201907139161
720575940645328436,404.6,243.512,153.76,404.696,243.56,153.8,LPLC2,dend[1367],0.9350841168533669
720575940635516084,411.16,234.652,153.44,411.128,234.548,153.44,LPLC2,dend[1654],0.9648191357578411
720575940615907723,412.024,234.084,152.96,411.928,234.008,152.92,LPLC2,dend[1653],0.7587665643058077
720575940615907723,412.084,233.944,153.0,411.984,233.952,153.0,LPLC2,dend[1653],0.8003743290895486
720575940615907723,411.64,233.92,153.32,411.684,233.968,153.28,LPLC2,dend[1653],0.8970091916503797
720575940612874536,411.644,235.264,154.0,411.68,235.164,154.0,LPLC2,dend[1659],0.8702397966194665
720575940631380695,411.384,235.184,154.28,411.52,235.156,154.28,LPLC2,dend[1659],1.0
720575940618608177,401.752,244.268,153.12,401.736,244.104,153.16,LPLC2,dend[1371],0.6634640509777058
720575940618608177,407.692,243.28,150.84,407.832,243.288,150.84,LPLC2,dend[1365],1.0
720575940645328436,404.728,242.968,153.24,404.788,243.192,153.24,LPLC2,dend[1367],0.5930248681481265
720575940622156799,404.984,240.328,151.16,405.036,240.212,151.12,LPLC2,dend[1355],0.16221019126363032
720575940620306904,405.624,238.636,150.04,405.036,238.588,150.08,LPLC2,dend[1363],1.0
720575940627902078,405.004,238.544,149.92,404.904,238.58,149.92,LPLC2,dend[1363],0.7003631432357821
720575940615332502,412.616,237.808,150.92,412.664,237.928,150.92,LPLC2,dend[1382],0.3359592813879997
720575940613470947,416.08,231.688,140.92,416.04,231.832,140.96,LPLC2,dend[1577],0.6616000255436411
720575940606126438,403.128,243.696,152.04,403.256,243.664,152.04,LPLC2,dend[1369],0.26417098740484996
720575940635004271,413.292,234.008,144.6,413.408,233.948,144.6,LPLC2,dend[1619],0.4475635151640695
720575940614738444,406.672,243.26,148.32,406.688,243.1,148.28,LPLC2,dend[1375],0.8284897501770977
720575940614738444,416.344,229.944,140.28,416.348,229.792,140.28,LPLC2,dend[1572],0.31555569119305443
720575940614738444,417.216,230.328,140.2,417.132,230.408,140.2,LPLC2,dend[1577],0.055596974298184
720575940614738444,405.728,236.252,158.48,405.604,236.356,158.48,LPLC2,dend[1292],0.34564389547350116
720575940635307639,404.552,238.968,149.68,404.432,238.904,149.68,LPLC2,dend[1362],0.5089288509968902
720575940635307639,414.964,230.988,144.6,414.956,231.088,144.56,LPLC2,dend[1617],0.3002555373756522
720575940632080146,404.068,239.36,149.12,403.944,239.328,149.12,LPLC2,dend[1361],0.4615181675428894
720575940632080146,403.192,243.472,152.28,403.128,243.576,152.24,LPLC2,dend[1369],0.48897725386088403
720575940632080146,411.524,232.568,146.12,411.64,232.56,146.12,LPLC2,dend[1596],0.39908963469350023
720575940632080146,415.696,230.264,140.04,415.672,230.168,140.04,LPLC2,dend[1572],0.6160987655521247
720575940607845250,407.624,240.152,146.56,407.616,240.04,146.52,LPLC2,dend[1392],0.624792465827367
720575940607845250,404.752,243.432,151.52,404.852,243.368,151.52,LPLC2,dend[1366],0.8632717913842424
720575940642414837,406.772,236.764,155.6,406.884,236.804,155.6,LPLC2,dend[1284],0.9148017687232489
720575940625695269,407.18,242.88,148.28,407.06,242.912,148.28,LPLC2,dend[1375],0.797485217600317
720575940614738444,406.808,243.364,148.2,406.784,243.24,148.16,LPLC2,dend[1375],0.8447632822632404
720575940622680088,407.16,242.808,149.16,407.208,242.944,149.16,LPLC2,dend[1375],0.5427591352221826
720575940626414279,406.536,242.812,148.6,406.664,242.848,148.56,LPLC2,dend[1375],0.7662521839715323
720575940623551684,407.16,242.964,149.28,407.244,243.02,149.28,LPLC2,dend[1375],0.5032631569358209
720575940631380695,407.12,243.216,149.04,407.168,243.128,149.04,LPLC2,dend[1375],0.571436725379441
720575940613470947,406.076,231.48,147.88,406.108,231.664,147.92,LPLC2,dend[1609],0.5432577176542867
720575940625477721,410.724,241.176,148.0,410.848,241.204,147.96,LPLC2,dend[1388],0.6631564743499042
720575940635234478,408.504,239.016,149.28,408.384,238.996,149.28,LPLC2,dend[1353],0.8794718361708724
720575940632777124,405.8,231.992,148.16,405.836,231.904,148.2,LPLC2,dend[1609],0.9235593872742116
720575940619197318,403.908,239.1,149.04,403.824,239.156,149.04,LPLC2,dend[1361],0.6092244121362952
720575940628976956,403.72,239.592,148.92,403.784,239.464,148.96,LPLC2,dend[1361],0.6901095369878416
720575940624359093,404.208,239.168,149.48,404.196,239.208,149.52,LPLC2,dend[1360],0.8230789342996488
720575940639895003,407.508,238.904,149.24,407.58,238.976,149.24,LPLC2,dend[1352],0.6755117073423005
720575940627368254,408.248,239.208,149.28,408.26,239.092,149.28,LPLC2,dend[1353],0.7136623053572991
720575940623827348,412.764,231.456,149.28,412.728,231.36,149.36,LPLC2,dend[1641],0.6754769680210865
720575940608088259,412.324,230.78,149.32,412.36,230.868,149.36,LPLC2,dend[1641],1.0
720575940615907723,414.736,231.568,149.16,414.704,231.684,149.2,LPLC2,dend[1631],0.865941848755658
720575940639109795,413.7,234.152,144.88,413.6,233.968,144.92,LPLC2,dend[1619],0.7692474265618111
720575940632080146,404.548,239.86,149.32,404.66,239.912,149.36,LPLC2,dend[1359],0.7689334703129196
720575940645328436,404.784,243.244,153.56,404.764,243.332,153.52,LPLC2,dend[1367],0.760242586053587
720575940631380695,408.544,234.808,158.04,408.444,234.888,158.0,LPLC2,dend[1314],0.41915182303588416
720575940639895003,409.656,234.18,158.12,409.592,234.272,158.12,LPLC2,dend[1311],0.6528877251358095
720575940619900993,409.536,233.5,158.2,409.416,233.416,158.24,LPLC2,dend[1312],0.7013217587346848
720575940619900993,409.532,233.544,158.36,409.464,233.628,158.36,LPLC2,dend[1312],0.3034513107080356
720575940618608177,409.092,233.648,158.48,409.16,233.648,158.56,LPLC2,dend[1312],0.4568307941631032
720575940617294219,409.96,233.608,159.0,409.9,233.664,158.96,LPLC2,dend[1313],1.0
720575940642414837,403.864,236.668,159.36,403.848,236.568,159.4,LPLC2,dend[1298],0.8282898413053112
720575940623652083,404.416,238.832,158.72,404.408,238.84,158.76,LPLC2,dend[1304],0.5944985112153378
720575940621914904,406.312,237.896,158.0,406.344,238.008,158.0,LPLC2,dend[1287],0.8631670708795278
720575940614738444,404.064,238.684,159.64,403.976,238.756,159.56,LPLC2,dend[1304],0.8234498534454591
720575940623551684,410.58,231.352,146.0,410.596,231.488,146.0,LPLC2,dend[1603],0.5974999386075601
720575940623551684,410.46,231.276,146.12,410.516,231.328,146.16,LPLC2,dend[1603],0.66231804940567
720575940616083345,411.432,229.348,144.56,411.552,229.328,144.56,LPLC2,dend[1615],0.26841201712547597
720575940615907723,412.224,233.544,153.2,412.248,233.624,153.24,LPLC2,dend[1656],1.0
720575940625477721,412.28,233.524,153.2,412.276,233.536,153.28,LPLC2,dend[1658],0.431864555931385
720575940645328436,411.944,238.84,150.68,411.864,238.8,150.68,LPLC2,dend[1381],0.4439748806989426
720575940655750305,404.748,240.092,151.44,404.784,239.992,151.4,LPLC2,dend[1355],0.34155578037599965
720575940655750305,407.688,243.44,149.96,407.664,243.308,149.96,LPLC2,dend[1375],0.26289833577665933
720575940636295019,408.008,243.18,150.4,407.92,243.108,150.4,LPLC2,dend[1375],0.12572755231244054
720575940655750305,407.68,243.348,150.12,407.684,243.196,150.16,LPLC2,dend[1375],0.21159634041683292
720575940615332502,407.816,242.824,150.28,407.848,242.924,150.28,LPLC2,dend[1375],0.17367900320764468
720575940614631079,408.368,243.188,150.92,408.3,243.144,150.92,LPLC2,dend[1365],1.0
720575940603989420,407.928,242.796,150.4,407.92,242.9,150.4,LPLC2,dend[1375],0.13471887620146078
720575940625695269,408.104,243.376,150.76,408.032,243.276,150.8,LPLC2,dend[1365],1.0
720575940623262461,403.712,239.16,149.92,403.744,239.284,149.92,LPLC2,dend[1360],1.0
720575940619197318,404.28,238.98,149.64,404.332,239.072,149.64,LPLC2,dend[1360],0.8323882011513621
720575940634700980,404.196,238.32,149.6,404.316,238.408,149.6,LPLC2,dend[1364],0.6514171555619527
720575940617997241,407.872,239.412,149.92,407.764,239.396,149.92,LPLC2,dend[1351],0.7882839525751866
720575940618608177,404.936,239.728,149.84,404.924,239.84,149.88,LPLC2,dend[1358],0.5473889043257505
720575940622425271,406.048,240.492,150.96,406.108,240.616,150.96,LPLC2,dend[1354],0.3361496728077558
720575940645407268,407.016,239.712,150.08,407.088,239.768,150.08,LPLC2,dend[1351],0.5010722308069533
720575940625697772,408.464,240.372,151.12,408.392,240.432,151.12,LPLC2,dend[1377],0.7797977883210352
720575940612874536,407.24,239.808,150.6,407.376,239.78,150.6,LPLC2,dend[1351],0.4479542415642119
720575940617480094,406.304,240.432,150.56,406.24,240.548,150.56,LPLC2,dend[1354],0.30242883317524927
720575940628976956,414.124,233.216,144.72,414.072,233.112,144.72,LPLC2,dend[1618],0.16973343929274795
720575940624417584,413.116,230.556,145.6,413.232,230.552,145.64,LPLC2,dend[1595],0.16848460491681305
720575940639895003,412.696,231.116,145.56,412.564,231.116,145.56,LPLC2,dend[1595],0.5021337541214896
720575940612766691,412.72,231.448,145.36,412.632,231.336,145.4,LPLC2,dend[1595],0.5192191749693162
720575940645328436,411.74,230.18,144.52,411.656,230.088,144.56,LPLC2,dend[1616],0.14196521017296926
720575940624755504,412.108,232.164,146.12,412.2,232.192,146.08,LPLC2,dend[1596],0.13792771763123868
720575940612874536,411.892,232.736,146.04,411.872,232.672,146.08,LPLC2,dend[1596],0.4057736395014652
720575940624208824,410.736,240.212,150.92,410.68,240.296,150.92,LPLC2,dend[1385],1.0
720575940613219474,409.84,233.764,151.2,409.848,233.648,151.2,LPLC2,dend[1650],0.8880995486516968
720575940639109795,408.54,236.976,150.28,408.544,236.888,150.32,LPLC2,dend[1384],0.9616799868477661
720575940614631079,410.652,231.756,150.84,410.776,231.9,150.92,LPLC2,dend[1662],0.623680968658363
720575940607845250,410.952,232.076,151.08,410.88,232.152,151.08,LPLC2,dend[1660],0.8957811233003563
720575940614738444,413.376,232.396,150.8,413.488,232.36,150.8,LPLC2,dend[1663],0.8668275925918776
720575940635516084,411.788,233.188,151.16,411.632,233.14,151.16,LPLC2,dend[1648],0.9112782032768949
720575940636529520,404.096,236.056,160.08,404.068,236.18,160.04,LPLC2,dend[1299],0.0464773461699448
720575940623827348,405.024,236.628,160.04,404.992,236.764,160.04,LPLC2,dend[1293],0.3384479030409825
720575940622156799,405.064,236.672,160.08,405.04,236.848,160.04,LPLC2,dend[1293],0.34325860892282906
720575940612874536,407.944,240.436,151.4,408.064,240.46,151.4,LPLC2,dend[1377],0.7732371220112354
720575940613145258,407.264,238.36,157.52,407.352,238.36,157.56,LPLC2,dend[1281],1.0
720575940648418425,408.592,236.996,157.76,408.712,237.016,157.72,LPLC2,dend[1305],0.8221610875697463
720575940624359093,412.552,233.44,144.04,412.668,233.524,144.0,LPLC2,dend[1620],0.55257188004249
720575940622425271,411.464,233.208,144.04,411.568,233.3,144.0,LPLC2,dend[1624],0.8649159583339583
720575940619750822,411.6,233.576,152.56,411.72,233.724,152.56,LPLC2,dend[1653],0.5453185437958461
720575940603989420,408.316,243.008,151.68,408.408,243.048,151.68,LPLC2,dend[1348],0.9898306892244514
720575940630831185,411.076,240.352,150.4,411.228,240.384,150.44,LPLC2,dend[1379],0.9596538188134855
720575940625216202,410.796,241.96,149.88,410.832,241.92,149.96,LPLC2,dend[1386],0.9054401905753308
720575940636529520,406.368,234.32,158.64,406.272,234.236,158.64,LPLC2,dend[1297],0.6313217884523569
720575940613145258,406.564,233.932,158.48,406.528,233.812,158.44,LPLC2,dend[1297],0.9064716528428384
720575940617289782,405.248,235.064,159.56,405.184,234.992,159.52,LPLC2,dend[1296],0.5348039641063543
720575940653666465,406.356,233.712,158.24,406.44,233.724,158.24,LPLC2,dend[1297],0.9446776299542528
720575940623925774,410.392,242.272,153.6,410.4,242.4,153.6,LPLC2,dend[1275],0.5104380344587564
720575940632080146,408.384,243.192,151.0,408.28,243.128,150.96,LPLC2,dend[1365],1.0
720575940628921303,409.168,233.268,158.28,409.256,233.336,158.28,LPLC2,dend[1312],0.9399872621099813
720575940612096462,409.056,233.288,158.44,409.144,233.352,158.44,LPLC2,dend[1312],0.9422593541635059
720575940630831185,409.664,235.496,158.72,409.588,235.536,158.76,LPLC2,dend[1310],0.32465855855041553
720575940614631079,408.92,233.508,158.76,409.012,233.52,158.76,LPLC2,dend[1312],0.6730367191944696
720575940607845250,404.224,238.972,158.96,404.268,238.86,158.96,LPLC2,dend[1304],0.6624790685081453
720575940626414279,413.224,232.856,149.52,413.332,232.896,149.52,LPLC2,dend[1645],0.476662030730792
720575940612874536,405.276,235.432,158.72,405.364,235.472,158.76,LPLC2,dend[1295],0.6021426367718355
720575940617289782,405.224,235.128,159.0,405.276,235.184,159.04,LPLC2,dend[1295],0.8545730416478414
720575940623827348,405.764,235.892,158.88,405.616,235.864,158.84,LPLC2,dend[1295],0.325263940967374
720575940617289782,405.972,235.1,158.88,405.88,235.056,158.84,LPLC2,dend[1295],1.0
720575940625700739,406.104,237.948,158.12,406.24,237.944,158.12,LPLC2,dend[1287],0.9433960848354653
720575940619750822,404.36,238.74,159.24,404.264,238.72,159.2,LPLC2,dend[1304],0.6918036471685253
720575940619750822,403.764,238.804,159.4,403.852,238.772,159.44,LPLC2,dend[1304],0.8379886233714191
720575940631380695,406.42,234.056,158.84,406.408,233.928,158.8,LPLC2,dend[1297],0.7764430010686968
720575940618608177,408.232,231.104,147.24,408.128,231.212,147.24,LPLC2,dend[1605],0.9396273892120409
720575940613763759,405.624,237.168,158.44,405.704,237.084,158.44,LPLC2,dend[1289],0.6493635032238457
720575940622156799,405.76,236.84,159.12,405.692,236.768,159.08,LPLC2,dend[1292],0.4532675550619985
720575940614738444,405.792,237.32,158.44,405.848,237.2,158.44,LPLC2,dend[1288],0.9401292951179012
720575940625700739,405.696,237.148,158.6,405.744,237.072,158.6,LPLC2,dend[1289],0.8336044019978731
720575940615907723,406.476,237.676,158.36,406.416,237.76,158.36,LPLC2,dend[1288],0.14959942248162988
720575940612766691,406.352,237.16,158.36,406.276,237.204,158.32,LPLC2,dend[1288],0.8137739659552516
720575940619263937,405.04,240.64,149.64,405.064,240.552,149.6,LPLC2,dend[1357],0.7024613997837946
720575940632080146,404.136,239.644,149.88,404.192,239.548,149.92,LPLC2,dend[1360],0.584436915113086
720575940612096462,404.0,239.312,150.16,403.984,239.392,150.12,LPLC2,dend[1360],0.8078529027740003
720575940623827348,414.672,230.448,147.28,414.652,230.3,147.28,LPLC2,dend[1630],0.63931906189504
720575940622156799,405.016,240.336,150.72,405.072,240.272,150.72,LPLC2,dend[1354],0.957371218614185
720575940619263937,404.88,240.56,149.76,404.872,240.488,149.72,LPLC2,dend[1356],1.0
720575940628976956,414.272,233.196,144.84,414.208,233.048,144.84,LPLC2,dend[1617],1.0
720575940628976956,414.488,233.028,144.92,414.416,232.988,144.96,LPLC2,dend[1617],1.0
720575940611567638,406.692,240.952,150.6,406.62,240.848,150.6,LPLC2,dend[1350],0.9885455195315105
720575940623551684,412.164,231.84,145.44,412.212,231.84,145.52,LPLC2,dend[1595],0.8036369716995604
720575940623652083,408.856,231.624,145.16,408.82,231.592,145.24,LPLC2,dend[1613],0.7240606413116408
720575940611567638,406.472,240.752,150.48,406.528,240.808,150.52,LPLC2,dend[1354],0.10533188482232983
720575940617480094,405.724,240.592,151.0,405.66,240.508,150.96,LPLC2,dend[1354],0.5912732412364093
720575940639878352,410.412,234.932,151.24,410.516,234.956,151.2,LPLC2,dend[1652],0.5520852456322846
720575940648418425,410.916,238.576,150.12,411.008,238.524,150.12,LPLC2,dend[1384],0.12845779549000033
720575940653666465,409.112,236.856,150.52,409.132,236.976,150.52,LPLC2,dend[1384],0.8063015490117692
720575940640302389,405.344,243.552,151.6,405.364,243.432,151.6,LPLC2,dend[1366],0.7355560148087045
720575940628921303,408.456,243.864,151.6,408.32,243.86,151.6,LPLC2,dend[1376],0.7892891376571455
720575940625216202,402.328,244.24,152.84,402.168,244.184,152.84,LPLC2,dend[1370],0.6837488457135292
720575940624208824,408.728,230.876,145.48,408.64,230.972,145.52,LPLC2,dend[1613],0.7865507752421973
720575940624755504,410.072,234.96,158.16,409.972,234.832,158.16,LPLC2,dend[1311],0.3182471725972246
720575940624755504,409.544,235.492,158.48,409.468,235.532,158.48,LPLC2,dend[1309],0.9132732388462244
720575940616377817,404.948,238.56,158.2,404.936,238.668,158.2,LPLC2,dend[1304],0.36203793139314133
720575940614738444,404.812,238.496,158.84,404.82,238.644,158.88,LPLC2,dend[1304],0.4947662768617905
720575940630831185,405.032,236.556,159.12,405.132,236.552,159.08,LPLC2,dend[1292],1.0
720575940622156799,405.684,236.596,159.2,405.568,236.572,159.2,LPLC2,dend[1292],0.8514564985111166
720575940613470947,415.544,232.544,141.48,415.616,232.748,141.48,LPLC2,dend[1577],1.0
720575940611567638,412.616,231.052,141.4,412.64,231.156,141.36,LPLC2,dend[1575],0.9739490558557513
720575940623551684,410.36,232.236,151.64,410.332,232.36,151.64,LPLC2,dend[1661],0.21466496776711969
720575940640302389,407.148,242.764,148.04,407.072,242.88,148.0,LPLC2,dend[1375],0.8732616993124159
720575940622009284,409.88,232.316,151.92,409.9,232.456,151.92,LPLC2,dend[1661],0.4356964063666368
720575940629292785,410.732,232.536,151.68,410.692,232.428,151.64,LPLC2,dend[1661],0.08864438444548442
720575940615907723,407.776,237.144,155.84,407.816,237.244,155.84,LPLC2,dend[1282],0.9120760871563021
720575940622680088,409.508,231.8,147.76,409.356,231.76,147.72,LPLC2,dend[1612],1.0
720575940625695269,413.752,231.824,149.44,413.788,231.784,149.48,LPLC2,dend[1639],0.6381982303555704
720575940625695269,406.676,240.044,146.76,406.716,239.94,146.72,LPLC2,dend[1392],0.9537376374103838
720575940613470947,410.664,240.58,147.68,410.784,240.664,147.72,LPLC2,dend[1388],0.794223188528669
720575940634700980,409.54,238.136,146.84,409.504,238.256,146.8,LPLC2,dend[1391],1.0
720575940622156799,409.392,236.024,156.48,409.436,236.024,156.52,LPLC2,dend[1307],0.6432191557308227
720575940624755504,408.26,233.92,157.16,408.212,234.028,157.12,LPLC2,dend[1314],1.0
720575940625216202,408.224,234.28,157.68,408.312,234.408,157.72,LPLC2,dend[1314],0.6956821692104606
720575940643740964,406.208,236.92,158.48,406.184,237.076,158.44,LPLC2,dend[1288],1.0
720575940613145258,416.512,229.548,140.32,416.524,229.472,140.28,LPLC2,dend[1572],0.2401772790951503
720575940629292785,409.1,231.204,146.72,409.144,231.328,146.72,LPLC2,dend[1604],0.5190276143995985
720575940618608177,408.336,231.152,147.12,408.28,231.236,147.08,LPLC2,dend[1605],0.8118326776654153
720575940613145258,416.116,232.216,140.88,416.056,232.112,140.88,LPLC2,dend[1577],0.7160556390379943
720575940626375172,415.508,232.06,140.92,415.576,232.168,140.88,LPLC2,dend[1577],0.7933611239851219
720575940613470947,416.08,231.464,140.68,416.128,231.628,140.64,LPLC2,dend[1577],0.5524516767891097
720575940613470947,416.228,231.608,140.8,416.268,231.728,140.8,LPLC2,dend[1577],0.58215274468352
720575940617294219,408.832,231.9,147.12,408.816,231.796,147.16,LPLC2,dend[1604],0.9085156800352208
720575940619900993,403.664,236.0,159.88,403.672,236.076,159.92,LPLC2,dend[1299],0.32407085115701406
720575940618608177,407.628,242.836,151.4,407.536,242.712,151.4,LPLC2,dend[1366],0.11582901844828034
720575940645328436,414.168,232.052,144.16,414.216,232.004,144.16,LPLC2,dend[1617],0.6452816635282832
720575940607854531,411.896,233.5,143.92,411.896,233.412,143.92,LPLC2,dend[1624],0.49760414889991045
720575940639884878,414.172,231.472,144.28,414.256,231.572,144.28,LPLC2,dend[1617],0.506566501877027
720575940610226645,404.572,238.716,158.64,404.752,238.664,158.64,LPLC2,dend[1304],0.4767082116822676
720575940626375172,415.572,231.86,140.96,415.668,231.928,140.96,LPLC2,dend[1577],0.7343753479779571
720575940626375172,404.84,243.792,153.92,404.776,243.668,153.92,LPLC2,dend[1367],1.0
720575940624417584,408.428,238.824,149.24,408.376,238.92,149.16,LPLC2,dend[1353],1.0
720575940624359093,404.184,239.284,149.36,404.072,239.308,149.36,LPLC2,dend[1360],0.8321631202561238
720575940616377817,404.76,236.496,158.76,404.856,236.528,158.8,LPLC2,dend[1294],0.6465465441096784
720575940625695269,403.12,236.244,159.44,403.212,236.276,159.44,LPLC2,dend[1300],0.9365937911630682
720575940613470947,405.144,235.088,159.16,405.176,235.172,159.2,LPLC2,dend[1296],0.23547779535639038
720575940610226645,404.696,236.6,159.04,404.748,236.504,159.04,LPLC2,dend[1298],0.25449593365237194
720575940630831185,405.348,235.7,159.04,405.396,235.604,159.04,LPLC2,dend[1295],0.5125215968156821
720575940623827348,405.748,236.076,158.76,405.628,236.096,158.76,LPLC2,dend[1294],0.16842436712703093
720575940636529520,406.272,234.608,158.68,406.112,234.616,158.68,LPLC2,dend[1297],0.4229115790467783
720575940614738444,405.824,236.288,158.6,405.756,236.364,158.6,LPLC2,dend[1292],0.3478622552798993
720575940623551684,405.8,234.888,158.4,405.784,234.748,158.4,LPLC2,dend[1297],0.31243325300709945
720575940629292785,404.208,236.56,159.6,404.148,236.448,159.56,LPLC2,dend[1298],0.7173265830441524
720575940613763759,406.176,234.008,158.44,406.272,234.056,158.4,LPLC2,dend[1297],0.7379712447963013
720575940621914904,405.988,237.372,158.12,405.956,237.336,158.16,LPLC2,dend[1288],0.7098689911647829
720575940614738444,405.856,237.36,158.28,405.98,237.328,158.32,LPLC2,dend[1288],0.741229298349441
720575940619981494,406.864,238.656,158.08,406.968,238.584,158.12,LPLC2,dend[1285],0.2196141471359789
720575940612766691,406.46,237.272,158.32,406.344,237.344,158.32,LPLC2,dend[1288],0.6370641551977136
720575940613763759,405.18,236.768,159.48,405.296,236.736,159.48,LPLC2,dend[1293],0.16865629523882447
720575940621914904,406.32,237.66,158.44,406.328,237.564,158.44,LPLC2,dend[1288],0.4092138769270287
720575940645328436,411.868,230.104,144.56,411.824,229.976,144.6,LPLC2,dend[1614],0.7950010615968229
720575940622680088,410.832,240.544,148.08,410.808,240.712,148.04,LPLC2,dend[1388],0.722192966162318
720575940618608177,407.816,243.268,150.96,407.972,243.236,150.96,LPLC2,dend[1365],1.0
720575940625695269,412.368,232.728,150.4,412.368,232.692,150.4,LPLC2,dend[1648],0.46235867126197916
720575940625695269,412.312,232.884,150.48,412.332,232.764,150.48,LPLC2,dend[1648],0.49798217756629637
720575940613470947,405.668,242.776,151.84,405.608,242.92,151.84,LPLC2,dend[1366],0.6827284604617558
720575940635307639,404.856,239.816,149.68,404.928,239.948,149.64,LPLC2,dend[1358],0.665877045769461
720575940625216202,406.396,240.74,150.4,406.376,240.76,150.44,LPLC2,dend[1354],0.19858360235858036
720575940622156799,405.64,240.94,150.64,405.756,240.96,150.64,LPLC2,dend[1354],0.47531785685837963
720575940615332502,410.928,232.044,151.16,410.884,232.2,151.2,LPLC2,dend[1660],0.8824360814626145
720575940617289782,410.56,233.308,151.16,410.496,233.264,151.08,LPLC2,dend[1650],0.447890219716202
720575940603989420,407.088,242.896,151.2,407.084,242.78,151.2,LPLC2,dend[1366],0.21826555494778366
720575940607854531,405.396,240.332,151.12,405.504,240.244,151.16,LPLC2,dend[1354],0.7106834637268532
720575940626414279,413.456,232.752,149.84,413.536,232.644,149.84,LPLC2,dend[1645],0.30413547787974354
720575940616377817,411.512,238.528,150.56,411.58,238.584,150.56,LPLC2,dend[1380],1.0
720575940635516084,412.484,232.936,150.76,412.352,232.744,150.76,LPLC2,dend[1648],0.5223425030371118
720575940630831185,410.692,240.396,150.96,410.68,240.428,150.92,LPLC2,dend[1385],1.0
720575940619750822,410.66,240.68,150.64,410.736,240.596,150.64,LPLC2,dend[1385],0.7367405838827182
720575940607845250,412.104,230.636,149.52,412.216,230.684,149.56,LPLC2,dend[1643],0.8499915205146651
720575940608875531,413.268,234.04,144.64,413.376,234.016,144.64,LPLC2,dend[1619],0.5320488038656651
720575940630831185,413.5,230.664,145.2,413.424,230.592,145.16,LPLC2,dend[1594],0.9036310230918536
720575940617289782,414.32,232.628,145.12,414.268,232.656,145.08,LPLC2,dend[1617],0.911790920889117
720575940639884878,414.028,230.328,145.0,413.98,230.248,145.0,LPLC2,dend[1594],0.5820638864550906
720575940648418425,414.88,233.464,145.6,414.776,233.384,145.6,LPLC2,dend[1625],1.0
720575940617480094,405.724,240.4,151.08,405.58,240.336,151.08,LPLC2,dend[1354],0.6583081531028263
720575940607845250,411.976,233.976,152.56,411.836,233.856,152.6,LPLC2,dend[1653],0.5864908714132021
720575940615332502,411.984,234.136,151.56,411.952,234.032,151.56,LPLC2,dend[1653],0.11765510810377582
720575940655750305,410.548,235.572,151.4,410.488,235.464,151.36,LPLC2,dend[1652],0.7154125186624822
720575940639895003,409.712,235.812,151.36,409.856,235.888,151.4,LPLC2,dend[1652],1.0
720575940612874536,411.6,233.936,151.72,411.628,233.888,151.68,LPLC2,dend[1653],0.12591750598264287
720575940607845250,411.76,233.336,151.56,411.664,233.44,151.56,LPLC2,dend[1651],0.5997968644685678
720575940622009284,411.36,233.584,152.12,411.472,233.62,152.12,LPLC2,dend[1653],0.29957396089056976
720575940622156799,411.352,233.696,151.96,411.472,233.688,151.96,LPLC2,dend[1653],0.22764993399094763
720575940607845250,411.528,233.9,152.4,411.6,233.824,152.4,LPLC2,dend[1653],0.4604017394624184
720575940624755504,411.736,238.824,151.84,411.748,238.716,151.84,LPLC2,dend[1383],0.6765894201706628
720575940624755504,411.688,238.764,152.16,411.6,238.664,152.16,LPLC2,dend[1383],0.9712576023675568
720575940626375172,404.244,243.62,152.04,404.268,243.52,152.04,LPLC2,dend[1368],0.2986742203946542
720575940631380695,403.624,244.284,151.92,403.616,244.164,151.92,LPLC2,dend[1374],0.9668701385833824
720575940619750822,402.404,243.28,152.04,402.492,243.268,152.08,LPLC2,dend[1373],0.631541375978751
720575940622680088,402.696,243.192,152.12,402.632,243.292,152.12,LPLC2,dend[1373],0.3615182896463209
720575940625216202,402.352,244.152,152.64,402.352,244.092,152.64,LPLC2,dend[1370],0.48953375485464795
720575940618608177,408.092,243.544,151.52,408.212,243.528,151.48,LPLC2,dend[1376],0.5458316813396314
720575940616377817,401.336,244.056,152.4,401.42,244.096,152.4,LPLC2,dend[1372],1.0
720575940628921303,401.324,244.176,152.8,401.432,244.184,152.8,LPLC2,dend[1372],0.5483901677312355
720575940619750822,401.728,243.784,152.72,401.78,243.88,152.72,LPLC2,dend[1370],0.7798197946057596
720575940607845250,404.28,239.876,151.76,404.36,239.792,151.76,LPLC2,dend[1355],0.5888437807366859
720575940617997241,403.696,239.404,152.12,403.764,239.452,152.12,LPLC2,dend[1355],0.899178523018653
720575940641552347,404.136,239.708,152.12,404.06,239.648,152.04,LPLC2,dend[1355],0.7718045207867775
720575940624417584,403.7,239.584,152.2,403.668,239.44,152.24,LPLC2,dend[1355],0.9628324021959925
720575940623551684,405.256,242.732,151.76,405.172,242.76,151.76,LPLC2,dend[1366],0.7878353433918479
720575940612096462,404.704,242.952,151.68,404.688,243.052,151.68,LPLC2,dend[1366],0.9162738350199993
720575940607845250,404.584,240.008,151.56,404.624,239.864,151.56,LPLC2,dend[1355],0.44859933358073584
720575940623551684,405.1,243.004,152.12,405.108,243.088,152.08,LPLC2,dend[1366],0.845221174253534
720575940623262461,407.944,240.168,151.36,408.032,240.28,151.32,LPLC2,dend[1377],0.8369255414050271
720575940629292785,406.248,243.048,151.28,406.268,243.004,151.32,LPLC2,dend[1366],0.4545902046131415
720575940639878352,408.664,242.612,151.32,408.596,242.668,151.28,LPLC2,dend[1348],0.5186102127623226
720575940618608177,410.384,232.688,151.68,410.352,232.536,151.68,LPLC2,dend[1661],0.23674510992558734
720575940618608177,410.116,232.744,152.0,409.98,232.648,152.04,LPLC2,dend[1661],0.4507222565657741
720575940635234478,409.636,232.832,152.16,409.624,232.724,152.12,LPLC2,dend[1661],0.6073241216997222
720575940619197318,410.392,229.976,144.0,410.332,230.128,144.0,LPLC2,dend[1616],0.9567765656799458
720575940629292785,410.88,230.272,144.4,410.956,230.16,144.32,LPLC2,dend[1616],0.5744801966779777
720575940629292785,410.764,230.304,144.2,410.736,230.252,144.2,LPLC2,dend[1616],0.7348958754868856
720575940612766691,411.56,233.496,143.24,411.628,233.404,143.24,LPLC2,dend[1622],0.7381176534725468
720575940607854531,412.124,233.296,143.0,412.184,233.408,143.0,LPLC2,dend[1623],0.35391699241731644
720575940632080146,412.508,233.304,143.32,412.452,233.392,143.32,LPLC2,dend[1621],0.4963586566237984
720575940623827348,411.42,233.376,143.2,411.488,233.312,143.2,LPLC2,dend[1622],0.9518542964809509
720575940623925774,411.284,233.384,144.04,411.412,233.352,143.96,LPLC2,dend[1624],0.981484840027464
720575940624359093,411.928,233.692,143.24,411.896,233.568,143.24,LPLC2,dend[1622],0.32944064921105093
720575940635234478,413.068,233.24,144.36,413.144,233.392,144.32,LPLC2,dend[1618],1.0
720575940648418425,414.68,231.968,144.0,414.592,231.864,144.0,LPLC2,dend[1617],0.5550113463173475
720575940617289782,415.048,230.688,144.2,415.136,230.688,144.24,LPLC2,dend[1617],0.13237237888366626
720575940617289782,414.584,231.112,144.28,414.656,231.184,144.32,LPLC2,dend[1617],0.34459535946191194
720575940613470947,414.344,232.164,144.32,414.356,232.004,144.36,LPLC2,dend[1617],0.6447455602751476
720575940641704656,411.208,230.4,144.08,411.112,230.288,144.04,LPLC2,dend[1616],0.5729717212130713
720575940616083345,411.244,229.304,144.44,411.408,229.232,144.44,LPLC2,dend[1615],0.4871168690878243
720575940611567638,411.42,228.78,144.4,411.472,228.924,144.4,LPLC2,dend[1615],0.6974926674361668
720575940653666465,412.5,233.496,142.8,412.468,233.42,142.8,LPLC2,dend[1623],1.0
720575940627685765,412.768,231.36,141.48,412.8,231.248,141.48,LPLC2,dend[1575],0.9580864308605971
720575940615055989,414.024,230.804,141.28,413.916,230.764,141.32,LPLC2,dend[1575],0.5425448976071823
720575940622680088,403.42,238.692,159.84,403.496,238.656,159.8,LPLC2,dend[1304],0.9779245269164348
720575940622680088,408.616,232.856,152.16,408.648,232.956,152.12,LPLC2,dend[1661],1.0
720575940622680088,409.136,232.612,152.2,409.28,232.656,152.16,LPLC2,dend[1661],0.7340214702109122
720575940641704656,411.456,239.216,150.12,411.364,239.136,150.16,LPLC2,dend[1380],0.7032097644657759
720575940641704656,411.38,239.996,150.2,411.324,239.988,150.24,LPLC2,dend[1380],0.19521835791266146
720575940615953302,407.94,238.472,149.72,408.048,238.6,149.68,LPLC2,dend[1352],0.11938890922734105
720575940615953302,414.552,232.976,145.0,414.472,232.892,145.04,LPLC2,dend[1617],0.9685178014669822
720575940625216202,406.72,233.588,158.48,406.6,233.668,158.48,LPLC2,dend[1297],0.9813330801465826
720575940613763759,404.728,236.988,160.12,404.868,236.944,160.08,LPLC2,dend[1293],0.38457012288402287
720575940629292785,404.76,236.852,160.28,404.808,236.976,160.28,LPLC2,dend[1293],0.4422699061191807
720575940612874536,403.352,235.816,160.16,403.336,235.888,160.16,LPLC2,dend[1299],1.0
720575940629292785,404.232,236.416,159.72,404.084,236.336,159.76,LPLC2,dend[1298],0.8041353956534161
720575940618608177,407.844,237.176,156.0,407.852,237.232,155.96,LPLC2,dend[1282],0.8701120285687742
720575940618608177,407.764,237.724,156.16,407.808,237.612,156.16,LPLC2,dend[1282],0.7343173667469403
720575940612560680,409.464,235.488,156.28,409.52,235.576,156.24,LPLC2,dend[1307],0.9341946356177643
720575940648418425,405.04,234.952,159.84,405.024,234.8,159.84,LPLC2,dend[1296],0.9134546567128149
720575940648418425,414.712,231.8,144.04,414.66,231.792,144.04,LPLC2,dend[1617],0.5275176513796783
720575940638626118,403.296,235.832,160.12,403.352,235.936,160.12,LPLC2,dend[1299],0.9190300806659487
720575940638626118,403.584,236.084,159.64,403.64,236.168,159.64,LPLC2,dend[1298],0.97969691079598
720575940606126438,406.232,231.12,148.2,406.184,231.004,148.2,LPLC2,dend[1610],0.7423208881696391
720575940612560680,409.432,235.656,156.68,409.456,235.84,156.64,LPLC2,dend[1307],0.6350427322690567
720575940612560680,410.6,232.308,151.2,410.728,232.352,151.2,LPLC2,dend[1660],0.8610073605445052
720575940640302389,406.312,243.028,148.0,406.464,243.072,148.0,LPLC2,dend[1375],0.9289185590124769
720575940619197318,404.244,239.112,149.52,404.224,239.2,149.56,LPLC2,dend[1360],0.8110257536394737
720575940635516084,411.912,233.836,151.44,411.812,233.856,151.44,LPLC2,dend[1651],1.0
720575940613219474,407.028,241.372,155.56,407.112,241.32,155.56,LPLC2,dend[1333],0.9187623946675781
720575940617294219,409.348,231.436,145.92,409.444,231.432,145.88,LPLC2,dend[1613],0.26718692295987
720575940625700739,408.364,240.468,151.56,408.352,240.296,151.52,LPLC2,dend[1377],0.8772550609555535
720575940625700739,406.18,237.212,158.68,406.136,237.268,158.6,LPLC2,dend[1288],0.822033069674291
720575940615953302,414.568,232.824,144.88,414.5,232.756,144.92,LPLC2,dend[1617],0.9137825732180179
720575940615953302,408.996,236.376,157.28,409.1,236.376,157.32,LPLC2,dend[1306],0.9419612558112878
720575940624755504,409.632,235.296,157.96,409.504,235.216,157.92,LPLC2,dend[1308],0.9801685936376532
720575940624755504,408.184,243.7,151.64,408.296,243.728,151.64,LPLC2,dend[1376],0.7217251419114099
720575940624755504,408.224,243.896,151.72,408.32,243.968,151.68,LPLC2,dend[1376],0.8706166213317733
720575940636529520,404.148,236.12,159.64,404.088,236.212,159.72,LPLC2,dend[1298],0.780581814299731
720575940638626118,411.076,240.304,150.36,411.224,240.308,150.36,LPLC2,dend[1379],1.0
720575940625695269,407.196,243.032,148.4,407.108,243.048,148.44,LPLC2,dend[1375],0.7433253592369838
720575940625695269,413.808,231.708,149.32,413.876,231.696,149.32,LPLC2,dend[1639],0.4341790518540302
720575940625697772,415.068,230.392,147.28,415.048,230.288,147.28,LPLC2,dend[1630],0.4070773536036444
720575940612560680,407.884,230.996,146.96,407.936,231.088,147.0,LPLC2,dend[1605],1.0
720575940606126438,407.928,231.792,147.0,408.036,231.756,147.0,LPLC2,dend[1611],0.5026445301528593
720575940618927892,406.168,231.464,147.76,406.204,231.6,147.8,LPLC2,dend[1609],0.40774421965662133
720575940613470947,406.572,231.212,147.52,406.648,231.256,147.52,LPLC2,dend[1608],1.0
720575940635516084,406.584,231.064,147.64,406.584,231.152,147.64,LPLC2,dend[1610],0.13049730200117654
720575940630831185,412.184,232.836,146.44,412.052,232.848,146.48,LPLC2,dend[1596],0.560294118225803
720575940612766691,412.188,232.692,146.4,412.056,232.756,146.36,LPLC2,dend[1596],0.4874373600930853
720575940619750822,409.424,231.432,146.36,409.528,231.528,146.32,LPLC2,dend[1604],0.1804984387483926
720575940607845250,410.092,231.752,146.32,410.076,231.684,146.32,LPLC2,dend[1603],0.8502385604612386
720575940629292785,409.868,231.184,146.2,409.896,231.28,146.24,LPLC2,dend[1603],0.9739128437725063
720575940617294219,409.408,231.596,146.44,409.436,231.544,146.52,LPLC2,dend[1604],0.31666244651537095
720575940625700739,414.008,230.32,147.36,414.128,230.252,147.36,LPLC2,dend[1630],0.9441803197930587
720575940639895003,408.1,231.836,147.32,408.16,231.72,147.32,LPLC2,dend[1605],0.7112213230227704
720575940618927892,408.88,231.62,147.68,408.972,231.688,147.64,LPLC2,dend[1612],0.48060934001589944
720575940617294219,409.104,232.056,147.6,409.132,231.96,147.6,LPLC2,dend[1612],0.7605269141707837
720575940632009167,411.568,233.808,146.68,411.5,233.952,146.76,LPLC2,dend[1597],0.9341423626330917
720575940614738444,411.16,233.6,147.4,411.136,233.504,147.4,LPLC2,dend[1598],0.3968123691243564
720575940655750305,410.22,233.78,147.68,410.352,233.784,147.72,LPLC2,dend[1599],0.2472510533211336
720575940635307639,409.708,234.848,147.44,409.628,234.744,147.48,LPLC2,dend[1600],0.6888377033703075
720575940631380695,409.372,234.904,147.4,409.412,234.8,147.36,LPLC2,dend[1600],0.9992358531095811
720575940625477721,409.792,234.376,147.6,409.76,234.544,147.6,LPLC2,dend[1600],0.30172254444434504
720575940625700739,407.312,239.372,146.44,407.38,239.472,146.44,LPLC2,dend[1392],0.6564007008369569
720575940617997241,407.352,239.564,146.28,407.364,239.62,146.32,LPLC2,dend[1392],0.6688349734475424
720575940625700739,407.164,239.4,146.44,407.196,239.528,146.44,LPLC2,dend[1392],0.7281929191330484
720575940623827348,409.536,238.352,146.6,409.664,238.336,146.6,LPLC2,dend[1391],0.959952251156372
720575940635234478,410.208,240.16,147.12,410.34,240.136,147.08,LPLC2,dend[1390],0.16709935139184792
720575940616083345,409.66,239.616,146.4,409.72,239.676,146.48,LPLC2,dend[1390],0.6530913888029862
720575940624417584,411.12,239.576,147.32,411.088,239.696,147.36,LPLC2,dend[1389],0.30939856351257783
720575940634700980,409.62,238.196,147.0,409.572,238.348,147.04,LPLC2,dend[1391],1.0
720575940623827348,409.132,238.904,146.56,409.192,239.0,146.56,LPLC2,dend[1391],0.2245889221912253
720575940632777124,410.86,239.076,147.2,410.756,239.172,147.24,LPLC2,dend[1389],0.7908015679015552
720575940612766691,410.548,238.912,147.24,410.6,239.004,147.32,LPLC2,dend[1389],0.9629283217474228
720575940622680088,413.936,229.924,147.28,414.024,229.968,147.28,LPLC2,dend[1630],1.0
720575940628976956,415.548,231.696,140.4,415.632,231.756,140.4,LPLC2,dend[1577],0.6137874650355157
720575940629292785,414.78,230.56,140.64,414.728,230.444,140.64,LPLC2,dend[1575],0.13995582268146642
720575940629292785,415.664,231.696,140.92,415.756,231.796,140.88,LPLC2,dend[1577],0.6785329049303743
720575940655750305,415.76,232.6,141.08,415.764,232.504,141.08,LPLC2,dend[1577],0.88036569559244
720575940653666465,414.632,230.456,139.96,414.728,230.468,139.96,LPLC2,dend[1574],1.0
720575940630209603,413.892,230.46,140.8,413.972,230.532,140.8,LPLC2,dend[1575],0.40507400025125656
720575940615055989,414.336,230.732,140.8,414.296,230.62,140.8,LPLC2,dend[1575],0.3176315344897934
720575940648418425,416.704,229.76,140.08,416.612,229.856,140.04,LPLC2,dend[1572],0.16785757721274347
720575940613763759,405.424,235.592,159.16,405.4,235.384,159.16,LPLC2,dend[1295],0.7175875709013863
720575940620306904,414.456,229.312,140.44,414.56,229.356,140.44,LPLC2,dend[1573],0.9534705756305161
720575940622156799,412.12,231.156,145.2,412.152,231.3,145.2,LPLC2,dend[1595],0.6036619833600345
720575940628395797,413.6,229.968,145.16,413.564,230.196,145.16,LPLC2,dend[1594],0.8228059342214007
720575940624359093,411.532,234.032,146.6,411.5,233.94,146.6,LPLC2,dend[1597],0.9593574782035359
720575940634700980,413.24,233.704,144.76,413.32,233.74,144.76,LPLC2,dend[1619],0.4425813599267275
720575940641704656,412.108,229.364,144.32,412.112,229.296,144.32,LPLC2,dend[1614],0.8797285102146868
720575940641704656,404.236,238.152,149.64,404.36,238.304,149.6,LPLC2,dend[1364],0.785015267486405
720575940641704656,412.032,238.696,150.52,411.936,238.704,150.52,LPLC2,dend[1381],0.3840546575211777
720575940622312072,415.432,229.992,139.76,415.512,229.984,139.8,LPLC2,dend[1572],0.6832884094723979
720575940631380695,406.416,234.14,158.68,406.336,234.028,158.68,LPLC2,dend[1297],0.7304885303036559
720575940622312072,414.88,229.448,140.16,414.888,229.596,140.2,LPLC2,dend[1573],0.49427019160675656
720575940631380695,407.528,243.364,149.44,407.552,243.256,149.44,LPLC2,dend[1375],0.41743070911167096
720575940619750822,408.492,231.764,147.36,408.408,231.656,147.36,LPLC2,dend[1605],0.42927189546824596
720575940625216202,401.588,243.92,153.32,401.616,244.032,153.32,LPLC2,dend[1371],0.9382288223065651
720575940629292785,404.056,236.532,160.0,403.976,236.416,160.0,LPLC2,dend[1298],0.9397435480663415
720575940615907723,405.068,237.156,160.4,404.888,237.096,160.4,LPLC2,dend[1293],0.47584925170713327
720575940615907723,411.832,233.704,152.84,411.832,233.824,152.84,LPLC2,dend[1653],0.6980168505505674
720575940618608177,408.632,234.656,157.64,408.512,234.696,157.64,LPLC2,dend[1314],0.5625681683658214
720575940632777124,408.256,234.72,157.56,408.368,234.632,157.6,LPLC2,dend[1314],0.6335705342488007
720575940635234478,408.4,235.156,157.76,408.516,235.08,157.8,LPLC2,dend[1314],0.38493092295991854
720575940625695269,408.424,234.256,157.44,408.304,234.284,157.44,LPLC2,dend[1314],0.8144415109372977
720575940635307639,409.728,236.208,157.08,409.6,236.12,157.08,LPLC2,dend[1307],0.33388281140316695
720575940641704656,409.176,235.968,156.56,409.304,235.964,156.6,LPLC2,dend[1307],0.6025752285990449
720575940622156799,409.232,236.128,156.72,409.328,236.08,156.72,LPLC2,dend[1307],0.5070703111310385
720575940641552347,409.632,236.16,156.76,409.516,236.096,156.76,LPLC2,dend[1307],0.5027429182386094
720575940623827348,409.3,235.968,157.08,409.384,236.12,157.08,LPLC2,dend[1307],0.3088335573502593
720575940622156799,409.376,236.452,157.12,409.408,236.292,157.12,LPLC2,dend[1307],0.2398352544583592
720575940625697772,409.024,236.4,157.44,409.152,236.456,157.44,LPLC2,dend[1306],0.8281627636001122
720575940641552347,407.9,238.008,156.4,407.884,237.888,156.44,LPLC2,dend[1282],0.5830231791713838
720575940641552347,407.928,238.072,156.6,407.9,237.944,156.56,LPLC2,dend[1282],0.529972548368573
720575940617997241,408.264,238.312,157.08,408.176,238.412,157.12,LPLC2,dend[1282],0.2364269207274719
720575940641552347,408.012,238.144,156.76,407.976,238.032,156.76,LPLC2,dend[1282],0.4401863481972402
720575940627902078,406.012,237.232,157.76,405.96,237.18,157.72,LPLC2,dend[1303],1.0
720575940630209603,408.18,238.86,149.8,408.076,238.876,149.76,LPLC2,dend[1351],1.0
720575940630209603,407.184,240.016,150.64,407.224,240.104,150.6,LPLC2,dend[1351],0.3167716375928381
720575940635307639,411.832,239.552,152.6,411.808,239.696,152.56,LPLC2,dend[1345],0.9942269652478543
720575940635307639,411.72,240.28,152.92,411.62,240.152,152.96,LPLC2,dend[1345],0.8209610734565833
720575940635307639,404.864,239.78,149.48,404.872,239.868,149.48,LPLC2,dend[1359],0.43443310368076404
720575940624531652,405.38,243.48,151.4,405.38,243.32,151.36,LPLC2,dend[1366],0.7042006463296261
720575940645407268,403.652,236.22,159.48,403.76,236.3,159.44,LPLC2,dend[1298],0.8659297951048397
720575940620306904,401.708,244.416,152.68,401.704,244.252,152.64,LPLC2,dend[1370],0.9384533590882709
720575940645328436,406.756,242.688,148.72,406.776,242.82,148.76,LPLC2,dend[1375],0.7016414422012102
