Synct,Peak_Depol_SIZ,Peak_Depol_SOMA,avg_dist_to_SIZ,Avg_syn_spread
10,0.7056091931888204,0.43776543939912926,118.13743857119444,59.60603313587581
11,0.7747487755922435,0.5000918677668977,117.03628675777401,63.30639850112361
11,0.7514771804896014,0.465208145761153,118.78193844507355,55.74402047147381
11,0.9566984365261675,0.5689377713992059,88.76346251377198,35.54305175423854
11,0.7727565383877675,0.4991035626369609,115.57412912955634,59.39825600045556
11,0.7776025783180387,0.48628160061711867,116.83320403967262,62.56177268188904
12,0.8730504153194971,0.5663255749365561,113.9214966979256,60.09967484759334
12,0.7925720298055836,0.48560159840599226,118.03589890127525,44.39808768993494
12,0.8820923641754064,0.5302846879435066,103.93295635706077,27.322595147858014
13,0.8575544070656917,0.5651652732711057,116.41717229161699,49.846211908068305
13,0.9402593820661735,0.599930341754586,113.84195273162366,62.32720939126191
13,0.9044609163431687,0.5671599780878722,116.6330668502346,61.38964921305824
13,0.8976340151667443,0.596926017207835,114.56253591203962,43.8055545968424
14,1.159438738445644,0.6962434584493735,92.61864327397436,35.141714731313094
14,1.1955820894823859,0.7165298994990081,90.63002271103895,37.894541898095945
16,1.1264571927719942,0.727332851637982,113.49094946546887,60.772647494300024
16,1.073902818587655,0.6742879189650495,117.36195419118259,61.633352684506086
16,1.0976103051606287,0.6898155456592008,113.82409848455922,55.4092999663488
17,1.4526982816768026,0.898917065842781,88.73591051737195,37.9303749914006
18,1.2136693600290016,0.7903970315542068,115.48847442023109,59.783558341752105
18,1.616722166520816,0.9914509918600629,82.86577210547425,26.064353461636273
19,1.617618736858958,0.9955534394842545,89.7253636020492,38.29799340849664
1,0.08302439160185315,0.05559918438285649,114.61242977870182,
1,0.07866413185949739,0.04646025896661854,111.47806745668333,
1,0.08305943621478207,0.05561985794794566,113.82283124021578,
1,0.08435410517540731,0.05650079392769669,111.17788407360695,
1,0.08599097500724895,0.057508372644051065,108.79008779958838,
1,0.08187568919383637,0.05488666290146682,118.59340931741738,
1,0.07739473087920601,0.045778410294389005,113.99831008524691,
1,0.07402442418647581,0.04384557171103154,126.4368739229688,
20,1.595981575374168,1.0552384353734965,98.8249930063694,50.24830662085289
20,1.6988751759023017,1.0465152030180462,90.67014558811616,41.035233091126905
21,1.3640896639420532,0.8990688403169003,114.77983699915326,52.55922590929674
21,1.7426848227119365,1.0967366196443038,92.04149635863669,44.175509819672854
21,1.7674932285347325,1.080929822506377,90.01803297337702,41.09896090576292
22,1.8075939505453107,1.1981308882796924,88.95350005284419,31.824675002426215
22,1.8540798171623862,1.201746969309184,91.88290285167751,41.224796443027536
22,1.7581303157543857,1.131283597891425,95.6954880377557,47.49168932666478
22,1.873046335941737,1.1704467013557434,89.67709788314889,40.51797090147556
22,1.8917066021495685,1.134690451280477,85.89442290942567,34.8519597298874
22,1.7919577836392762,1.0842653712502113,93.41891318329134,39.614091373610016
23,1.9385486984354259,1.1941049398667758,89.48291045836149,38.122288052145365
23,1.8873710837517592,1.1741803985452464,92.76146349674268,42.27691801098095
23,1.8337642277467978,1.2312975881788049,92.75144792438789,39.089701280755534
24,2.14871112152332,1.3120838594255417,80.8795352845401,28.70738071493322
24,2.022249521709,1.265078610878433,90.94893807209716,41.3654014686675
24,1.9816070114510893,1.200449090011901,90.9463306651104,39.288186580948384
25,2.190462435949698,1.501650495875964,85.86813533105641,31.69280193975504
25,2.055554182883384,1.269951894490248,93.25408600670103,42.93046208845472
25,2.0903858358485365,1.315893630597344,89.3504557494277,38.947478075585735
25,2.1562743700591653,1.3243243266258133,84.04437438249724,29.47299803357712
26,2.129810950563993,1.3402860601316036,89.6268206334427,35.297276677900456
26,2.297095922525159,1.4323669734799296,82.65803985453569,31.323862779990264
27,2.2508403718531866,1.4478940933281592,88.98643038187618,39.662745463289994
27,2.3215608558485314,1.4284529155964236,86.12678985438579,35.759770125485666
28,2.366368288469559,1.5484706560404788,89.9212074853168,40.69217907964725
28,2.28431187916793,1.4873318789363879,93.45269325987157,44.84781898157937
29,2.313808472346196,1.4495541468554194,92.25445838356198,42.039602492061235
29,2.385264943050089,1.4884796280164636,90.85153243510868,38.44153648874752
29,2.445949663437247,1.5459846637534298,87.94717334062773,36.40288437279442
29,2.2956323353916446,1.4444189323973973,95.18509926894697,47.95593685203967
29,2.4164174025014233,1.5505843794403376,89.42731158149658,34.93502715091848
2,0.15943820213904303,0.10052567929066925,115.35661079242858,105.72870736524388
2,0.16394582141380454,0.10995857741583848,111.51325661695655,7.427364693810885
2,0.1503988168935564,0.08908642012792711,116.6378264597536,1.936766736614289
2,0.15921531457313165,0.1005314445431793,116.12062471123606,107.25673520285886
2,0.1587230591941733,0.10670161273564815,114.00168259110374,0.22503880018857103
2,0.15733567849693486,0.10584936813104662,114.61304653329873,1.3508833411550583
2,0.15670062357490622,0.09900832409439886,120.39156681857217,115.79861941753106
2,0.1453746538754075,0.08623310354042246,123.28361038178504,6.727605234442914
2,0.1529588873662533,0.09051951164042293,114.83277851519945,11.16708122609278
30,2.2720723409370294,1.4710123354249873,97.74257036356993,50.693276292102624
30,2.55955877889771,1.6570440868850653,87.61375372715383,38.16761855843858
31,2.567007405019254,1.6659947964072188,90.1608296959444,40.6426163092474
31,2.46721447033417,1.6098792180257533,93.3352936229976,47.15984096975812
31,2.5435853973609426,1.7019354187306561,88.956191460942,38.48930819664731
31,2.4392672500179344,1.530507947754586,94.08212510436442,44.21123713025753
32,2.654413372074387,1.7537418682182988,89.31893728042289,40.736013481850726
32,2.5281823167515967,1.7454024674700435,91.2871671449644,39.64054281598023
33,2.712334951312272,1.6699147385453585,89.58789465182697,38.635967517487806
34,2.6366230631668515,1.6646932637468552,94.33922231567487,43.23824304612095
34,2.581371755674894,1.6778418256995877,96.83393975588554,47.31569068270413
35,2.8814535291763548,1.8146668758103033,91.157694102121,42.14620518176842
37,2.9840592660245306,1.8604842895688591,92.25913023478269,44.42608560204751
37,3.1130384694688473,1.979675386359986,86.62476540002719,37.10563423061014
38,2.97207485917869,1.9385558319977605,93.26846423364438,42.9154171346843
38,2.9250272369798154,1.873954889659558,94.37584789021857,41.118022797970255
3,0.2336023481967402,0.15061963543286083,115.6124638541042,71.56651481758408
3,0.24391002588890842,0.15701379248231717,112.74300708789974,77.09597884589868
3,0.23751184536230596,0.1530466546946201,117.534626805521,82.91577055732692
3,0.23108039494884736,0.14911433701905707,119.16212094471125,79.54342126080839
3,0.2337840422125197,0.1444551147162798,115.07633650238678,71.84291393291012
3,0.23072991324822567,0.14280541734534324,119.34165377646842,83.07798291261798
3,0.23368770172791642,0.1505567621461239,115.99211524892881,71.27004420656964
3,0.23897983636062747,0.15429115634579205,114.24278087429236,73.66632842302378
3,0.21776063125884093,0.12930946239112018,115.9515526966676,2.0108710071913927
3,0.22299780208913944,0.1322368573761139,117.12223827015862,20.361786355126146
3,0.20658136073602407,0.12299137299191898,125.95525513548013,2.26598451684924
3,0.21585250845467385,0.12816938055583194,122.91745108346113,16.910014396381857
3,0.24083208426783642,0.15527846369276688,112.52014657263753,69.18409188032875
3,0.21440317568560374,0.12740276158170616,121.76322578168292,17.612214694579304
3,0.22084256835096028,0.13100635720059017,117.87344481425191,16.313442519145024
3,0.23309177634104117,0.14413495902651619,115.46592974176815,70.14197612728903
3,0.2176691243483191,0.12916280632023813,122.06271090379475,19.614252976727133
3,0.2116254283841954,0.12578572408838795,122.84523006965291,4.025584294896866
4,0.27893830268956776,0.16598311937960375,122.54469690094194,12.693368677328834
4,0.2922811493199049,0.17981341484809832,116.44862616864134,53.246467700259494
4,0.287585413905191,0.17077998941341832,119.60437968281497,15.163734265369706
4,0.29410724567206614,0.1806835570660752,120.11782062602822,55.64270989155025
4,0.28816967500793567,0.17111744920860872,119.84031586180953,18.331823141714082
4,0.29235390775259873,0.1734755820849614,118.94630277540944,20.07884980658592
4,0.2779266579011477,0.16539252367971358,124.17677595775865,17.79467406096568
4,0.30154114454707326,0.18492524258977028,118.11995885574265,61.303068548517466
4,0.30264966624508816,0.19133805094793388,117.31375142580707,73.232158645618
4,0.31816563944144605,0.2009559586100096,113.86051807997849,76.40018550677031
5,0.38645791246489125,0.24721831646192527,114.74283263852044,67.55266599574807
5,0.33773093027237167,0.2013955307617863,123.30833478718668,11.908043862039111
5,0.39122447977956654,0.2502513897885592,115.12802067009832,71.68762215148584
5,0.3753982952948576,0.24045925277927438,117.63374352529202,69.05647472767447
5,0.3553114705489122,0.21123973440025168,117.47121638132462,16.967329067348718
5,0.3736138802466371,0.22755875687452942,118.2226415794411,56.57524879911257
5,0.36315527992707075,0.22780117740978767,121.14543705094256,70.70703736421481
5,0.3945183259124576,0.25207900382007153,112.16102786670437,64.48989837197811
5,0.3828544507196199,0.24512984598412402,117.27229101282308,71.7035024878683
5,0.38024499405376844,0.25650301234578876,113.5561478525045,16.615742626160788
5,0.3775714508315957,0.23602869364532353,114.73903983144392,65.88854191778474
6,0.45397744249979155,0.28712062259006643,118.23992783162207,75.6507967087704
6,0.44773020568430866,0.28339701103992354,116.46804061055913,68.13597124455454
6,0.45400800813452236,0.29318811319832605,113.98706292697,58.6731802778628
6,0.4547316864871789,0.293671334237672,115.00258195410737,61.898389346590236
6,0.45110354541472475,0.2797923434112448,114.57087708293642,59.040167841090565
6,0.4592489115320575,0.29661562740193403,112.27337030697942,56.319882838548004
6,0.4390241034029856,0.26686873486160323,115.19164061201373,39.65333800698387
6,0.4316572735330624,0.2626021154916742,117.32983164798675,45.64700650047008
6,0.4605024618385727,0.29733432162792894,112.1130540362846,56.15310950902999
7,0.5105484086634675,0.33261625220008284,118.72115080172819,63.21515985195958
7,0.5111497462368675,0.32141466743273384,117.54464966118756,64.15068024362661
7,0.5153623222255987,0.3245040479928889,116.26211666040834,61.805316277870254
7,0.503220126474929,0.33404776688659865,116.36463831156024,40.22598002552212
7,0.511735611007424,0.3329656554976168,117.60051754634333,61.80733499184409
7,0.4993605787699664,0.3029531339791305,118.46430894090842,41.69659601001498
7,0.5202569495791067,0.3269841715139279,117.02008328784625,65.9139943728844
7,0.517600821018263,0.3245792524866289,115.06068757151338,62.990709771708595
7,0.5335015297540906,0.33436543300292954,111.9784984112555,59.276422540889975
7,0.516788468580117,0.3299863584100535,115.39414015675787,63.10482261239049
7,0.5411525897902862,0.3452801979567539,111.18068961984613,60.709946407399926
8,0.5879669785578017,0.3672289371554598,116.45187925043676,64.25228630240402
8,0.5436779617547245,0.33021145824851317,121.08411106727303,38.15210154422815
8,0.5851807174692993,0.3769104282548028,118.09035324470413,68.25588769183749
8,0.6064577454483668,0.40260078638563357,112.56744173414259,41.03545710033002
8,0.6098649355364643,0.3919803887960285,114.74445232413578,65.75003840227551
8,0.5854264777253775,0.37063314922829704,114.71438131817678,62.5559071390519
8,0.6052115342162949,0.377469258405128,113.77511468260231,60.840810494449606
9,0.6534591339073472,0.4002146742112984,114.73113552434718,48.17499161480696
9,0.6485603701737972,0.4087775499528874,119.41542950981314,70.94013733951378
9,0.6584575810520334,0.42031005954254397,116.10508207356071,66.83552850201056
9,0.6764728454513858,0.42571000563214056,112.9931270888534,62.00187496929394
