syn_count,deflection_soma,deflection_siz,syn_type
1,0.05426873812440647,0.1004148555559965,LC4
2,0.11023904616347124,0.19001709934568112,LC4
3,0.14062752795044275,0.25455239333791724,LC4
4,0.21320201163156582,0.366292566040741,LC4
5,0.2596769187675676,0.44707307537539975,LC4
6,0.28919771495769453,0.5017727400818472,LC4
7,0.37165023474770464,0.5836650041842972,LC4
8,0.3867103810438266,0.6795333815630187,LC4
9,0.4973869312678687,0.8184859052649074,LC4
10,0.5329413466369743,0.8664707645842071,LC4
11,0.5626591572625728,0.8916185263976502,LC4
12,0.6184317387959055,1.0111359339966697,LC4
13,0.6454429337369447,1.14136899453392,LC4
14,0.6886233537341298,1.21172960743678,LC4
15,0.7625260351069727,1.2805251019373998,LC4
16,0.7714875544989894,1.268720005676471,LC4
17,0.8575847372489278,1.4129799751600416,LC4
18,0.8784949657549532,1.5017255861921655,LC4
19,0.9663112684303314,1.6205703220726377,LC4
20,0.941823234077404,1.6052557945264851,LC4
21,1.0593824760513968,1.7369818718054262,LC4
22,1.012330094647396,1.787932762853984,LC4
23,1.1483282453084342,1.9337421201308018,LC4
24,1.179104920282839,2.0139429268582347,LC4
25,1.2439475932665118,2.0855973549676605,LC4
26,1.3699324692225332,2.257777496080138,LC4
27,1.31934594849632,2.2433163969780168,LC4
28,1.3820669948748048,2.3281058744990304,LC4
29,1.4068799756992831,2.3789910191507033,LC4
30,1.4879231543149274,2.494258501356981,LC4
31,1.5177234977346359,2.5237341430567,LC4
32,1.617996872550691,2.618873437609338,LC4
33,1.6470425346589366,2.706986400081661,LC4
34,1.5805928492274006,2.688657973249704,LC4
35,1.6832847501926125,2.835631900183074,LC4
36,1.6388914498066782,2.822828888580773,LC4
37,1.7013613047948297,2.934163546567021,LC4
38,1.8488248594241838,3.0155334250110712,LC4
39,1.8160627787473516,3.040362914111249,LC4
40,1.8325649138306659,3.0657491871696294,LC4
41,1.8192206562172828,3.1332135472351936,LC4
42,1.952092613087686,3.3550487657160133,LC4
43,2.0696583133593833,3.5388300082029573,LC4
44,2.1067204522794327,3.5621360854366344,LC4
45,2.034759839334754,3.4252848577877018,LC4
46,2.131803544869399,3.667110189989401,LC4
47,2.1436697210453417,3.5988683267619592,LC4
48,2.1876838667982526,3.6549669548409156,LC4
49,2.1704666337607534,3.7245115435188936,LC4
50,2.287867928524122,3.8217537981539564,LC4
51,2.233431830102518,3.789968279091653,LC4
52,2.331299322518106,3.9615437769656126,LC4
53,2.4351380037443136,4.124811377904464,LC4
54,2.38608631252405,4.01010398625953,LC4
55,2.4782084358245697,4.241157526295062,LC4
56,2.42329552952598,4.113379006679935,LC4
57,2.60725797610403,4.412739083531498,LC4
58,2.5242508672165798,4.232491303064592,LC4
59,2.667924124610998,4.455771141946464,LC4
60,2.77258763352652,4.55264648891432,LC4
61,2.7375319055472076,4.562456330545743,LC4
62,2.7222527270541406,4.55587838050473,LC4
63,2.8468605148233195,4.786569055147083,LC4
64,2.8732894661790667,4.7776530756975575,LC4
65,2.8104000143077243,4.725050248085992,LC4
66,2.8516962740177476,4.743100995249641,LC4
67,3.001343941079824,5.044946412061506,LC4
68,3.020063170651433,5.0392447700060785,LC4
69,3.0146270716819075,5.087716557156362,LC4
70,3.080092717352578,5.218455803635685,LC4
71,2.955327630149661,4.9303264199753585,LC4
72,3.1006748792644956,5.244205800332729,LC4
73,3.146608286981433,5.352411893921996,LC4
74,3.2594112601989167,5.465059660228249,LC4
75,3.275636393994759,5.551374032396204,LC4
76,3.167904169055234,5.4164454319208915,LC4
77,3.2133420472405803,5.502026167363795,LC4
78,3.356677910508843,5.678172407604691,LC4
79,3.440215842523145,5.748912960325455,LC4
80,3.295681058754127,5.637651516008873,LC4
81,3.383318654212843,5.558108550234287,LC4
82,3.470870826035778,5.873073012480106,LC4
83,3.610246572313777,6.002660513633515,LC4
84,3.589654541331278,5.937130771895539,LC4
85,3.807060365064217,6.221902480749847,LC4
86,3.5954380897380247,6.181679383327861,LC4
87,3.6134830649351457,6.038411049861615,LC4
88,3.785316646605537,6.225931322062223,LC4
89,3.730695185626402,6.191803897247169,LC4
90,3.778865343386208,6.252076238748209,LC4
91,3.8308250001438466,6.389734617140739,LC4
92,3.8589237961670335,6.614148763079683,LC4
93,3.916933385101075,6.58357012488424,LC4
94,3.9589957532094715,6.6210773614505385,LC4
95,3.922822456636659,6.6639972213666,LC4
96,4.0731589851743735,6.8563296770710735,LC4
97,3.883178498348208,6.510442332766431,LC4
98,4.0150837903095535,6.860116722791986,LC4
99,4.164464241724296,6.959028125871875,LC4
100,4.014643526315602,6.796629459880251,LC4
101,4.260481325697235,7.168735700016725,LC4
102,4.078592410411602,6.972859862800895,LC4
103,4.0911599258885545,6.801152350466282,LC4
104,4.217151715735248,7.095989451460291,LC4
105,4.271337655679986,7.05597554959364,LC4
106,4.043196035638104,6.836700088504031,LC4
107,4.243791652275888,7.130297065754739,LC4
108,4.285900189427274,7.081272565741443,LC4
109,4.435192532950204,7.449483027259021,LC4
110,4.374970064707348,7.281519125016281,LC4
111,4.41931678744983,7.490142049884128,LC4
112,4.644581270321623,7.748424194263762,LC4
113,4.5071454543721785,7.718700906818341,LC4
114,4.584444388628626,7.612331173799191,LC4
115,4.6222672845226995,7.678096414913092,LC4
116,4.690410613854624,7.97844328475464,LC4
117,4.769916666500706,7.902976837313531,LC4
118,4.877678058919827,8.161950086346835,LC4
119,4.49388170257555,7.605931603626381,LC4
120,4.742788070118181,8.035633039254279,LC4
121,4.814216417690147,8.091961945685014,LC4
122,4.780525796975994,7.989651361286782,LC4
123,4.798597470848804,8.046625576249191,LC4
124,4.897711869606013,7.980349162246121,LC4
125,4.925394287110322,8.30652523421449,LC4
126,4.967954353422044,8.31102981591225,LC4
127,4.937706345714034,8.266551891628524,LC4
128,5.141450932019623,8.5266689406944,LC4
129,5.056529092403991,8.51389852025482,LC4
130,5.102795371606575,8.535830424802562,LC4
131,4.956057586205318,8.46469811532156,LC4
132,4.934941254855893,8.249608889984906,LC4
133,5.077004659432831,8.5421352319225,LC4
134,5.374388921404844,8.97570486128275,LC4
135,5.133177537770123,8.49803773165793,LC4
136,5.17180364115292,8.699689052065615,LC4
137,5.345686193677466,8.712564190198151,LC4
138,5.389192128277557,8.930682402228719,LC4
139,5.2567430008651,8.75670072595313,LC4
140,5.316390821801129,8.966089760310183,LC4
141,5.231183370191083,8.710747169721877,LC4
142,5.391174637133616,8.970562447092519,LC4
143,5.493147678858584,9.106662744103161,LC4
144,5.46634118685089,9.145329141637276,LC4
145,5.493182813050794,9.16382113172498,LC4
146,5.330009257566317,8.96340432444073,LC4
147,5.488367075085314,9.208464290273838,LC4
148,5.837353864547538,9.644165872763175,LC4
149,5.694470491781246,9.399029942516485,LC4
150,5.75844092494463,9.544904278454673,LC4
151,5.460271489963702,9.197342257989007,LC4
152,5.450657000570054,9.152065917582547,LC4
153,5.713675893319909,9.673086503807895,LC4
154,5.524341726787327,9.215692535474503,LC4
155,5.558672319011471,9.221585965399647,LC4
156,5.706862364884337,9.671713898352571,LC4
157,5.742619100678368,9.721553450128965,LC4
158,5.620194780404162,9.351626784136677,LC4
159,5.866535726246163,9.667483648220397,LC4
160,5.827976922824156,9.733451705148234,LC4
161,6.093086986839019,10.219973296072673,LC4
162,5.801570548666177,9.666754591934676,LC4
163,6.013317183468594,9.82659212276544,LC4
164,5.724442835692599,9.599958897762214,LC4
165,6.032901508043153,10.03494982807387,LC4
166,5.936536098610766,9.990563920052296,LC4
167,6.135439203169014,10.143319330921145,LC4
168,6.283288056255387,10.368992517956052,LC4
169,5.880117621744837,9.832000478232793,LC4
170,5.963032406263196,10.057876315412145,LC4
171,5.859347970903777,9.662877809817886,LC4
172,6.031313185269923,10.163342228342835,LC4
173,6.0259136881972495,9.914735248934619,LC4
174,6.158605844123194,10.284666558492447,LC4
175,6.317636926364301,10.460498900337996,LC4
176,5.862818678826507,9.781719756808293,LC4
177,6.411418817290453,10.629607994294197,LC4
178,6.277592694596784,10.411235090881526,LC4
179,6.24772613788425,10.46646561590537,LC4
180,6.364748274621377,10.57411136668295,LC4
181,6.362919231747547,10.44996106114393,LC4
182,6.514718642092831,10.87378063435051,LC4
183,6.6416281026330495,10.948047099583043,LC4
184,6.544133759239209,10.679995326648864,LC4
185,6.623380021647769,10.952394049543237,LC4
186,6.309455196573445,10.524755823068709,LC4
187,6.381235586879164,10.584245455842876,LC4
188,6.5812154443329405,10.829852411311435,LC4
189,6.463538682081243,10.741273143850293,LC4
190,6.745988324223596,11.15665964260073,LC4
191,6.617878409504776,11.042273055207609,LC4
192,6.6763669809919435,11.15753622810145,LC4
193,6.849498871652514,11.338046241509609,LC4
194,6.654880346797114,11.175371692477874,LC4
195,6.85742682932041,11.30061359889605,LC4
196,6.740101423326138,11.143613183891276,LC4
197,6.865904760552837,11.452428691266931,LC4
198,6.868367814591274,11.38955835106087,LC4
199,6.628787840090347,11.08049643983081,LC4
200,7.076280499577578,11.5125976697447,LC4
201,6.950950888727959,11.54330844943074,LC4
202,6.824683248657308,11.291203571760029,LC4
203,7.122370856501348,11.86550875072814,LC4
204,6.83493671916721,11.385648775391424,LC4
205,7.0288610735441495,11.69656783964313,LC4
206,7.036220518570808,11.751645319927952,LC4
207,7.006755972565649,11.696628355765384,LC4
208,7.139825310347867,11.89791251483242,LC4
209,6.887775586205088,11.33147945115153,LC4
210,7.099103613968133,11.649868760722491,LC4
211,7.235240971713608,11.962117312976545,LC4
212,7.070866376302135,11.816778486764441,LC4
213,7.167393518482399,11.813573764124719,LC4
214,7.2246871977307805,11.95658533985489,LC4
215,7.268024025440411,12.088158892614317,LC4
216,7.183632309367923,12.081540920571221,LC4
217,7.0510569150111095,11.722963736441592,LC4
218,7.274025341753905,12.06230388092969,LC4
219,7.591564145918596,12.54931536766449,LC4
220,7.291868333754465,12.082005039574959,LC4
221,7.283407272243572,12.087529048904045,LC4
222,7.402955586573235,12.104883682756508,LC4
223,7.42413082299425,12.187343586129302,LC4
224,7.492185328593074,12.41841178797231,LC4
225,7.563951973925754,12.475490733936567,LC4
226,7.292229698204146,12.037870037037536,LC4
227,7.363931480688088,12.168359448053351,LC4
228,7.4720909284104025,12.455181960198132,LC4
229,7.551679419341006,12.486343925031314,LC4
230,7.411097262695627,12.230498951081316,LC4
231,7.559178810940196,12.55204496998342,LC4
232,7.807316428210775,12.717089996558023,LC4
233,7.7034441720703555,12.902145573417059,LC4
234,7.786036489692798,12.90033486522151,LC4
235,7.828412279370461,12.92079603844519,LC4
236,7.751566715609144,12.91552184707119,LC4
237,7.615709517428314,12.670268064363704,LC4
238,7.823762587310419,12.937386878808674,LC4
239,8.061593363634337,13.21759014182517,LC4
240,7.822039818551929,12.875245108166908,LC4
241,7.736097654766915,12.75890206160242,LC4
242,7.952536643663649,13.129146563304282,LC4
243,8.159621941530595,13.283300363916645,LC4
244,7.617879230564348,12.61754962516671,LC4
245,7.684727037908381,12.85456971297009,LC4
246,8.009426251643035,13.28922323997309,LC4
247,7.845129820547193,12.953539149438306,LC4
248,7.706224072828753,12.86531821824589,LC4
249,7.962102294176795,13.24670456668197,LC4
250,8.00457556016788,13.013176445149746,LC4
251,8.020115236410618,13.2539457969242,LC4
252,8.03442789984858,13.287663905743415,LC4
253,8.039398085622274,13.508614631767209,LC4
254,7.7380396601168755,12.937197877603822,LC4
255,8.152631223746738,13.588050784348454,LC4
256,8.141181345931315,13.421704382915962,LC4
257,7.958107933134649,13.15920912706293,LC4
258,8.07476135607547,13.46359547375964,LC4
259,7.96378156818038,13.269155400068044,LC4
260,8.390298621039669,13.797346089992224,LC4
261,8.283017744034453,13.82693873636957,LC4
262,8.334989461512968,13.818537668414912,LC4
263,8.023757032352428,13.252041826996226,LC4
264,8.227727421630824,13.671496794540104,LC4
265,8.376324483280136,13.742428900788326,LC4
266,8.328107249768557,13.83087221080617,LC4
267,8.228345373139483,13.509755347259961,LC4
268,8.48360781850785,14.035196368147894,LC4
269,8.408526649717643,13.910228645776819,LC4
270,8.427600731380835,13.757986211027863,LC4
271,8.206443527844584,13.70661784947157,LC4
272,8.459686412511466,14.143639008293611,LC4
273,8.644319039170192,14.245591028194227,LC4
274,8.295235405751185,13.780976935615229,LC4
275,8.201569440182631,13.635411754379561,LC4
276,8.796693599310395,14.65266171615341,LC4
277,8.527530490741746,14.174024398582795,LC4
278,8.543483912702463,14.132205262110865,LC4
279,8.541979405278113,14.076715943496843,LC4
280,8.669143131789511,14.254600592171506,LC4
281,8.552864629905677,14.310917974753075,LC4
282,8.601380299927847,14.376932539648983,LC4
283,8.39621980175415,13.865810326772845,LC4
284,8.675611617185133,14.29564222455,LC4
285,8.572320706558557,14.081448170420664,LC4
286,8.731611438154381,14.486991759595291,LC4
287,8.683196617641762,14.392562458318437,LC4
288,8.64274391708446,14.265677697327952,LC4
289,8.598034841984067,14.04453731386689,LC4
290,8.751230856435427,14.439951229212333,LC4
291,8.957044198628878,14.68570632078471,LC4
292,8.821164666361142,14.663401043392355,LC4
293,8.887184471015523,14.64900422125924,LC4
294,8.991457590419635,14.776974753331224,LC4
295,8.943915448295542,14.742655414161852,LC4
296,8.863810680346688,14.670073101721862,LC4
297,8.814668639194004,14.630293266574924,LC4
298,8.974102399440675,14.908724105782149,LC4
299,8.831756091863554,14.621775222256119,LC4
300,9.1078038820201,15.129586878714875,LC4
301,8.8752614975121,14.651108950166702,LC4
302,8.995685289619566,14.77892877867719,LC4
303,8.94972668388359,14.798101251927285,LC4
304,8.956187070719096,14.86545519105642,LC4
305,9.098482401278218,14.912091294178019,LC4
306,9.030152742090706,14.882359160485144,LC4
307,9.00537161606237,14.96444325189001,LC4
308,9.129535007147489,15.10572652799845,LC4
309,8.807153723869163,14.600422945058043,LC4
310,9.237172000957074,15.10802659798113,LC4
311,9.153386563095417,15.27702708451509,LC4
312,8.873785904000513,14.782680022577757,LC4
313,9.226157127227175,15.28076617243925,LC4
314,9.146224987298446,15.207645476057444,LC4
315,8.9432024972553,14.786090953525033,LC4
316,9.214861223796234,15.1783512344537,LC4
317,9.14801119606939,15.140567389628075,LC4
318,9.13638061682498,15.011970470153535,LC4
319,8.904285286779498,14.774129077253924,LC4
320,9.18951269820635,15.216884142434331,LC4
321,9.479401468601218,15.773751683321983,LC4
322,9.20189347431323,15.333683439154086,LC4
323,9.361041032886064,15.646440094758866,LC4
324,9.491358493809145,15.63812754624334,LC4
325,9.291723723122374,15.246024403280849,LC4
326,9.400533596164216,15.6617360855549,LC4
327,9.124113007827859,14.93219130765194,LC4
328,9.36679921942882,15.453781063384447,LC4
329,9.435255297528471,15.57107516400572,LC4
330,9.605157867747515,15.934156169014273,LC4
331,9.636412241468335,15.95066196771797,LC4
332,9.454092343012675,15.472936903985286,LC4
333,9.190828633877892,15.358277243462652,LC4
334,9.786669764954183,16.137734072493245,LC4
335,9.488780731394336,15.624935119679549,LC4
336,9.482281305754007,15.550818878629784,LC4
337,9.782339113208806,16.12187626654064,LC4
338,9.708903363965675,16.008800440699545,LC4
339,9.674678030874269,15.99506411737211,LC4
340,9.707911861520792,16.153364712880915,LC4
341,9.818648766838983,16.3498380715409,LC4
342,9.611516949846454,16.021590756418036,LC4
343,9.799590888023587,16.14974767917689,LC4
344,9.838065237811684,16.179344902953083,LC4
345,9.471274451633498,15.832738947693151,LC4
346,9.61105635700708,15.83702959923707,LC4
347,9.832427365797727,16.15432430605678,LC4
348,9.563025858506869,15.885168723807247,LC4
349,9.659461701797554,15.808418989617486,LC4
350,9.860400233094076,16.3431359918253,LC4
351,9.738798838453313,16.05861377693732,LC4
352,9.670889487792408,15.817986430281586,LC4
353,10.1868556371141,16.75275085206158,LC4
354,9.804591651124426,16.243985776046785,LC4
355,9.712071580253664,16.07183282603028,LC4
356,9.815594128396071,16.195447419527603,LC4
357,9.871809839471588,16.455930169795785,LC4
358,9.772532279631186,16.23906891369957,LC4
359,10.033868298126194,16.683202004874495,LC4
360,10.221753392841926,16.70963766650803,LC4
361,9.773116739538004,16.218516459622613,LC4
362,9.998545469567233,16.542983284181055,LC4
363,9.590761865957553,15.85805924337103,LC4
364,9.78957732880204,16.232083659814485,LC4
365,9.975059136205957,16.450363359701925,LC4
366,10.224083035055749,16.91292885736889,LC4
367,9.873791934592951,16.183604492495554,LC4
368,10.031068805906628,16.50133470016783,LC4
369,9.922381084790246,16.294084129763,LC4
370,9.796569445974967,16.33836169106344,LC4
371,10.042606434916259,16.71934404488818,LC4
372,10.34914303149835,17.050659673659865,LC4
373,9.99642000409618,16.65530766336996,LC4
374,10.021786139611194,16.581609920813783,LC4
375,10.17087038107254,16.58251524566885,LC4
376,10.39434564410655,17.101913017483746,LC4
377,10.295412813132742,17.00668767021164,LC4
378,10.065708142421585,16.530209403448623,LC4
379,10.073644586610818,16.57017819161419,LC4
380,10.120682086852085,16.713669337069142,LC4
381,10.308515592033494,16.92375959995109,LC4
382,10.213509425800446,16.71587949959732,LC4
383,10.273579110918604,16.803223157948295,LC4
384,10.388260679105095,17.125930237552005,LC4
385,10.22379463990665,16.803652649645677,LC4
386,10.398699717034496,17.06012037521574,LC4
387,10.396164709064038,17.142098550066464,LC4
388,10.258720738170275,16.745236955182662,LC4
389,10.47579252151651,17.192221674087193,LC4
390,10.47245925794153,17.2773678233483,LC4
391,10.351720606327397,16.95636509806497,LC4
392,10.682576589235119,17.57298261111505,LC4
393,10.230406860470687,16.923637379803004,LC4
394,10.425108022639968,17.10276955636619,LC4
395,10.837819884874008,17.662050406450675,LC4
396,10.352598660952118,17.295122031868814,LC4
397,10.601710586995473,17.36781389028416,LC4
398,10.31814716415471,16.977914802582482,LC4
399,10.578651254705647,17.248871422549833,LC4
400,10.540932432616344,17.330895055315807,LC4
401,10.417455980401755,17.003763344898466,LC4
402,10.345470425530074,17.087737114725336,LC4
403,10.630552831817248,17.492856659479486,LC4
404,10.866630601246555,17.8560716746422,LC4
405,10.68194828889947,17.50457676316725,LC4
406,10.579630562501478,17.449223512027274,LC4
407,10.830492735619096,17.79010078432131,LC4
408,10.544179226923255,17.285376570721056,LC4
409,10.534550488269439,17.39673199866762,LC4
410,11.047147019799034,18.131659670103424,LC4
411,10.802218851107128,17.78573619299756,LC4
412,10.752859028914827,17.642127031694073,LC4
413,10.701816005007522,17.537804718368726,LC4
414,10.770652891317873,17.48286220915473,LC4
415,10.72877516024898,17.655859436260947,LC4
416,10.919421064226071,17.886741350146288,LC4
417,10.671577189797638,17.62093906230477,LC4
418,10.731562109381393,17.56567504516672,LC4
419,10.952610510205403,18.10855154910807,LC4
420,10.887200926322954,17.929781956105757,LC4
421,10.934208265929897,17.965196733402863,LC4
422,10.777843430829478,17.909469212181975,LC4
423,10.964939451347277,18.100179083591684,LC4
424,10.757464178638266,17.58501933421293,LC4
425,10.757236200965394,17.609273931455846,LC4
426,10.94795141663954,17.959769208166826,LC4
427,10.728332712193243,17.710954030160032,LC4
428,10.84755044149425,17.84573312780514,LC4
429,10.864213119159167,17.89490927527865,LC4
430,10.73387182780035,17.66970507308283,LC4
431,11.123953244273999,18.29551734844705,LC4
432,10.809486726879207,17.585773975696547,LC4
433,11.133939019605997,18.311888710478307,LC4
434,10.920421695941165,17.93436334365201,LC4
435,11.134592332084544,18.2270960193023,LC4
436,11.102612682470173,18.243900455731406,LC4
437,10.923472483216798,17.816363487142908,LC4
438,11.133511901247076,18.456513639692623,LC4
439,10.989025765736258,18.194349103542763,LC4
440,11.081258942636843,18.115050460936786,LC4
441,11.068736369320916,18.161717744809515,LC4
442,11.19544893060963,18.399210283104765,LC4
443,11.1116980262725,18.186373220774826,LC4
444,11.140683891102071,18.211648787699453,LC4
445,11.083294845874562,18.147005381889215,LC4
446,11.250546849065017,18.486986526381322,LC4
447,11.315160160707265,18.56453384522652,LC4
448,11.192803944335054,18.354730581608585,LC4
449,11.115869329705063,18.373524155366383,LC4
450,11.055087186995898,18.194867920610115,LC4
451,11.190101823875267,18.31619839729509,LC4
452,11.2769418380216,18.431584160740705,LC4
453,11.494885441722559,18.98042863174708,LC4
454,11.28253007950864,18.53518155691497,LC4
455,11.430483998115548,18.791376836909755,LC4
456,11.248700125957981,18.477830471028632,LC4
457,11.315423781682973,18.604357929775283,LC4
458,11.178053577665217,18.33933776357334,LC4
459,11.422137156325583,18.728215996873303,LC4
460,11.44366982762378,18.801815652345333,LC4
461,11.514621305149376,18.94702691056829,LC4
462,11.450694476833682,18.785296190408367,LC4
463,11.33637109097586,18.673410980067985,LC4
464,11.55542766741214,19.000381096181435,LC4
465,11.355674095134965,18.602487450257883,LC4
466,11.557027755563453,18.83787944179521,LC4
467,11.31060481885946,18.50158728064821,LC4
468,11.677499811351566,18.98693938041329,LC4
469,11.470789895479314,18.765480923718656,LC4
470,11.532271497616456,18.90622923452701,LC4
471,11.44000796169344,18.7402369361251,LC4
472,11.431098880386926,18.76169493138132,LC4
473,11.645611403126715,19.14188016954128,LC4
474,11.427144026850627,18.763068250582492,LC4
475,11.802383280650474,19.371126290695898,LC4
476,11.813572608238111,19.51091253361716,LC4
477,11.472307951589812,18.6451269896328,LC4
478,11.665588767401758,19.213549818526225,LC4
479,11.25013760052778,18.613103789505132,LC4
480,11.365767142645979,18.615577645018583,LC4
481,11.615500775090325,19.170930519491684,LC4
482,11.769802885873744,19.35990012653435,LC4
483,11.719193020721093,19.26396688790347,LC4
484,11.8354417196607,19.513428509105566,LC4
485,11.986402914420268,19.557041016643915,LC4
486,11.42866367859046,18.69502492811698,LC4
487,11.744640003040793,19.317948348689704,LC4
488,11.864117687561738,19.404413519975506,LC4
489,11.611832595577916,19.291425136284715,LC4
490,11.737376300417338,19.21355108702177,LC4
491,11.912105292212956,19.66882856819577,LC4
492,11.665752796357168,19.259419869062114,LC4
493,11.787488656239674,19.583524503699948,LC4
494,11.80448384483266,19.403170824687834,LC4
495,11.898274140455236,19.40994496631678,LC4
496,11.917717829451824,19.63537491448467,LC4
497,11.761907354070857,19.292292941997964,LC4
498,11.842122685105728,19.45113561160818,LC4
499,11.879125388568127,19.39961274222938,LC4
500,11.912062988652742,19.534044402983355,LC4
501,12.064564830767551,19.71310374807591,LC4
502,11.844712032299931,19.332080235172306,LC4
503,11.821065471113883,19.390003934272315,LC4
504,11.717536288271447,19.20740323017074,LC4
505,11.723376343896305,19.202456895765614,LC4
506,12.069530639107967,19.7226109093453,LC4
507,12.046484896093176,19.600857261275493,LC4
508,12.080957608463287,19.714995854652372,LC4
509,12.010041973073896,19.806765457245795,LC4
510,11.678282899553771,19.19818895346465,LC4
511,12.004446478413556,19.6829961354686,LC4
512,11.863729324896248,19.46922126398563,LC4
513,11.95590230397083,19.66296699208825,LC4
514,11.927890154243933,19.54630894002848,LC4
515,11.895701147457963,19.547085757456664,LC4
516,12.062204105950805,19.818431965632556,LC4
517,12.165623455396513,19.74507500141882,LC4
518,12.16367302535025,19.878410458055434,LC4
519,12.264760449379594,20.088987187707986,LC4
520,12.320400299925673,20.164059287704717,LC4
521,11.96184869321575,19.574012970894877,LC4
522,12.125257016082024,19.77011107712577,LC4
523,12.49431093147382,20.42908153693709,LC4
524,12.468865590897146,20.297289635057034,LC4
525,12.312479087069825,20.0962120556809,LC4
526,11.944513681737945,19.54958244680926,LC4
527,12.039140016188469,19.66190512913233,LC4
528,12.01912887405284,19.636957019235098,LC4
529,12.275129497740785,20.155671350744953,LC4
530,11.986842626763867,19.638519850099122,LC4
531,12.05312249914158,19.83695414300167,LC4
532,12.460412874707302,20.370996340348647,LC4
533,11.899932416684479,19.598024525596557,LC4
534,12.041867641951399,19.73452833829566,LC4
535,12.273732000039765,20.1592881287862,LC4
536,12.317182367607515,20.279418942076894,LC4
537,12.217531855493718,20.085060864506772,LC4
538,12.283252354516215,20.18433400066729,LC4
539,12.369763163461748,20.169996340747694,LC4
540,12.391076436898786,20.15689666889461,LC4
541,12.25518044568927,20.03844450912345,LC4
542,12.568177843630828,20.6511937589339,LC4
543,12.53817623782004,20.539960427568957,LC4
544,12.633743406036814,20.793513564280126,LC4
545,12.501282706823453,20.399437792785832,LC4
546,12.457559344255316,20.52660197518778,LC4
547,12.360354883977713,20.07788704874845,LC4
548,12.451083536492554,20.32064933802949,LC4
549,12.356417060567928,20.122253638371426,LC4
550,12.218426359232204,19.82661136436179,LC4
551,12.537728997176103,20.474137770099077,LC4
552,12.513321935289007,20.389233841571574,LC4
553,12.543388439360882,20.516192404579833,LC4
554,12.505251666241271,20.58557593795649,LC4
555,12.510639258687547,20.466563841563975,LC4
556,12.5551215483339,20.552002131293342,LC4
557,12.498433749713733,20.593808821772015,LC4
558,12.65040786685067,20.726625902763807,LC4
559,12.662163615901434,20.640805359307038,LC4
560,12.726365164996494,20.796987058081903,LC4
561,12.245476022168518,20.051755696245444,LC4
562,12.582559413746367,20.658078777903356,LC4
563,12.653944208802045,20.698931044393355,LC4
564,12.504312475989394,20.471697867992965,LC4
565,12.637671288440423,20.63822515057953,LC4
566,12.678850896875929,20.6629079734016,LC4
567,12.704064237621772,20.71878335313786,LC4
568,12.698639330868623,20.71260133230706,LC4
569,12.521746972148115,20.47690450848112,LC4
570,12.91809654660446,21.10567547247772,LC4
571,12.695271960477577,20.764718489286047,LC4
572,12.611052488537212,20.53016648800081,LC4
573,12.447172456101129,20.25196084179509,LC4
574,12.693714786105986,20.74198129837339,LC4
575,12.725280228701791,20.91045968465417,LC4
576,12.55522855097042,20.57874530268277,LC4
577,12.852827991600812,21.058204899713672,LC4
578,12.42047622715775,20.308326356146665,LC4
579,12.837614207313855,20.853313909123685,LC4
580,12.682684111373916,20.858992693775384,LC4
581,12.737369646757735,20.80341065999223,LC4
582,12.824749404632513,20.99954116534228,LC4
583,12.779964009570499,20.864151803082564,LC4
584,12.790873181407179,20.896826612047803,LC4
585,12.78729750471107,21.02016830033027,LC4
586,12.80524530353049,20.910066791691612,LC4
587,12.806503057466408,20.878409648629344,LC4
588,12.706695477731394,20.853964786960546,LC4
589,12.677679590003265,20.783178340945433,LC4
590,12.887868516276917,20.94158761566628,LC4
591,12.945683650421678,21.1417340820945,LC4
592,13.2163011478019,21.472865101616343,LC4
593,12.64310782388614,20.688787367333852,LC4
594,12.800000459059078,20.93178550196722,LC4
595,12.650619630105652,20.76479804050551,LC4
596,12.900583945544156,21.09502991515317,LC4
597,13.132420020626746,21.394168652867762,LC4
598,13.124871859450074,21.407527366724253,LC4
599,12.814388025836124,21.05944407681043,LC4
600,13.078757305287695,21.42983889371608,LC4
601,12.748000712579866,20.878385617172114,LC4
602,12.719582120906963,20.819467178564878,LC4
603,12.989789020800835,21.092052915976375,LC4
604,12.790170046244157,21.07161733526332,LC4
605,12.848735753080284,21.03628685535906,LC4
606,12.89300295975719,21.20964120146285,LC4
607,12.867799000341059,21.066337799276525,LC4
608,13.069830698932826,21.423097926570684,LC4
609,13.337746955922036,21.830429354661064,LC4
610,13.170378968513155,21.573624825158795,LC4
611,13.129201387909845,21.345103753952174,LC4
612,13.245396187292307,21.60927026173409,LC4
613,13.205891828282027,21.37799066860292,LC4
614,13.436322602979303,21.951259200646355,LC4
615,12.872864056515454,21.036775515258583,LC4
616,13.065637545894766,21.181323716536752,LC4
617,13.053968993777438,21.45518065587136,LC4
618,13.015793680376099,21.29597860066636,LC4
619,13.049760306549182,21.37261296486801,LC4
620,12.8633885878034,21.13467594087409,LC4
621,13.342129659220774,21.888705714658265,LC4
622,13.191755684780489,21.482431523138715,LC4
623,12.648748652586804,20.782948574908502,LC4
624,13.108047074936643,21.407306798868447,LC4
625,13.234281356643429,21.750505324213883,LC4
626,13.171663284811665,21.495682954893212,LC4
627,13.162448137925246,21.51507706287446,LC4
628,13.232918629233623,21.553451657835566,LC4
629,13.203517936994167,21.53105772304108,LC4
630,13.237853250523742,21.666219519769157,LC4
631,13.302825744922089,21.6945340189611,LC4
632,13.466898589407926,22.010979322187758,LC4
633,13.104098381214513,21.439305320088053,LC4
634,13.334086175607084,21.751213542062686,LC4
635,13.128046695191301,21.49012275282528,LC4
636,13.252504158213398,21.80008988659106,LC4
637,13.401021014680957,21.86962314251538,LC4
638,13.600958351916788,22.185843814820544,LC4
639,13.387948832518802,21.862148361948883,LC4
640,13.225698125419633,21.731035088769104,LC4
641,13.254424351512213,21.62965164874044,LC4
642,13.525532432095183,22.010386123518934,LC4
643,13.337704180414399,21.83710121179937,LC4
644,13.43564595306011,21.978781869427735,LC4
645,13.206204848834908,21.71179210331706,LC4
646,13.52102752042967,21.902109643496367,LC4
647,13.477371016960724,22.0131378150326,LC4
648,13.538065695657664,22.15745803523904,LC4
649,13.52443179689,22.01747005344174,LC4
650,13.488844840335517,22.018367199665093,LC4
651,13.599206715382074,22.08491464470226,LC4
652,13.48337121596412,21.959460482155635,LC4
653,13.634144429049648,22.24869323220372,LC4
654,13.588403628873039,22.137491871458742,LC4
655,13.600698937340738,22.169866114348125,LC4
656,13.379244353936073,21.899877925890863,LC4
657,13.609549080653231,22.05977278645969,LC4
658,13.445835313069217,22.021120879179925,LC4
659,13.469709358414214,22.126402626230465,LC4
660,13.338804097248506,21.733761252371373,LC4
661,13.584459792997023,22.29162268059958,LC4
662,13.59879454989074,22.03316847526866,LC4
663,13.692770632009939,22.40526287862145,LC4
664,13.623348086852587,22.199102011473656,LC4
665,13.668473600810927,22.21467854996213,LC4
666,13.90420189583756,22.709620358743102,LC4
667,13.577622967891244,21.976198196343354,LC4
668,13.506821146285155,22.172455553610803,LC4
669,13.617305145092992,22.21865486317018,LC4
670,13.919506679937506,22.715632231360367,LC4
671,13.689151496876164,22.261622603573038,LC4
672,13.493218409934194,22.075955557475055,LC4
673,13.553669929978234,22.02526526915434,LC4
674,13.863323972131923,22.658460883804963,LC4
675,13.675886668440363,22.357654072915615,LC4
676,13.820984760810418,22.49819731403813,LC4
677,13.760820121756069,22.36147848239277,LC4
678,13.692599511641156,22.337479769016362,LC4
679,13.709141536328843,22.41176418522108,LC4
680,13.438244565249285,21.9749070659312,LC4
681,13.476471716035292,22.136630298844885,LC4
682,13.922627995428087,22.56698739845313,LC4
683,13.761453184617693,22.518443085088265,LC4
684,13.651170677448071,22.236312663264528,LC4
685,13.592868246335946,22.343095988371793,LC4
686,13.53931983909871,22.064008461349395,LC4
687,13.872242581515941,22.7710385164697,LC4
688,13.851625834594557,22.64291028445814,LC4
689,13.748292686805087,22.472598504333106,LC4
690,14.003232679614221,22.82334132126276,LC4
691,14.027194458542027,22.923624395002342,LC4
692,13.899148642246217,22.69479682442465,LC4
693,13.904371308238169,22.678695603319113,LC4
694,13.835086200165243,22.653082797673925,LC4
695,13.918195453633636,22.680183698333515,LC4
696,13.796880807275357,22.332632240101184,LC4
697,13.813772391789009,22.51485602480212,LC4
698,13.99947775943334,22.92027103848268,LC4
699,13.81099051858682,22.656149206818753,LC4
700,13.89188038534298,22.707786830007983,LC4
701,13.879905096909937,22.60876753590435,LC4
702,13.954295359742474,22.62240078295389,LC4
703,13.80761758486036,22.61215262958413,LC4
704,13.762200902220911,22.458527129346933,LC4
705,14.001861427430825,22.827961954677292,LC4
706,13.78798446238379,22.620330410772567,LC4
707,14.077034527648365,22.911358360382174,LC4
708,13.86478525742774,22.626760081079652,LC4
709,13.905196428138595,22.57925578806089,LC4
710,14.138800626873675,22.933129796830478,LC4
711,13.938460649893265,22.842238577550752,LC4
712,13.969082716563257,22.754575600976942,LC4
713,13.923235970212268,22.741704418820923,LC4
714,13.86028654178375,22.6099677357464,LC4
715,14.164973759588214,23.16819702438687,LC4
716,13.891417692895871,22.609080958840032,LC4
717,14.18334139503881,23.183690419279834,LC4
718,14.119990966517847,22.914405534154547,LC4
719,14.225290227484443,23.219392360942912,LC4
720,14.111450184648525,22.99966507837503,LC4
721,13.9748549153448,22.853728216479865,LC4
722,14.018260764299342,22.91664526398904,LC4
723,13.974583858322546,22.864492918341504,LC4
724,14.181687711155043,23.01068232085691,LC4
725,14.170964077090026,22.917275050019114,LC4
726,14.387643629531667,23.555200164165612,LC4
727,13.952588344147308,22.756606422790277,LC4
728,14.228681552826508,23.265608411563804,LC4
729,14.127969780228405,22.919332441402823,LC4
730,13.943282310477294,22.806687461692874,LC4
731,14.179859564503658,23.097465649415724,LC4
732,14.236473186223705,23.19944434221076,LC4
733,14.228975509795944,23.17300382261972,LC4
734,14.296367030601388,23.213230283318815,LC4
735,14.533868336426053,23.719563458613102,LC4
736,14.392389101695464,23.507282099249373,LC4
737,14.320737966763701,23.246141932857682,LC4
738,14.234835648666547,23.1642812778188,LC4
739,14.267898267974857,23.287323065266705,LC4
740,14.237550484619923,23.209101326511373,LC4
741,14.460977838263425,23.39740950467101,LC4
742,14.301955323151944,23.190527481677243,LC4
743,14.281535857320591,23.147758576956434,LC4
744,14.381130216144093,23.31058252810776,LC4
745,14.297040817759076,23.19171149771038,LC4
746,14.289043790720854,23.284229902395694,LC4
747,14.19544782242042,23.134790956057074,LC4
748,14.327743753200323,23.49253084893232,LC4
749,14.206410835839108,23.10814284414743,LC4
750,14.33484883615396,23.32862374660558,LC4
751,14.40040285535494,23.502421633811252,LC4
752,14.192468390230538,23.13636693946426,LC4
753,14.390765109927543,23.37145968762872,LC4
754,14.313605752452148,23.347982825122585,LC4
755,14.306793942319693,23.297505956944036,LC4
756,14.287174045693291,23.28688262767423,LC4
757,14.177524662652928,23.10217637788849,LC4
758,14.57761266448766,23.65627778140881,LC4
759,14.535375082209285,23.56299139032049,LC4
760,14.328356790606882,23.378487511155775,LC4
761,14.447363039260402,23.58407190525964,LC4
762,14.177614592551166,23.204071635292273,LC4
763,14.272254495551834,23.29563464733306,LC4
764,14.304892175750247,23.2872466244454,LC4
765,14.548156030525284,23.65588954960016,LC4
766,14.385456186614434,23.3657194097825,LC4
767,14.56329297985345,23.785022753852544,LC4
768,14.654680130691816,23.838205201424046,LC4
769,14.276584337797878,23.406147146023535,LC4
770,14.591227621902554,23.787625711276924,LC4
771,14.4408131380655,23.490950619515615,LC4
772,14.384500121137158,23.453131429221855,LC4
773,14.485743881419594,23.507813668471506,LC4
774,14.674596287812292,23.85093384795659,LC4
775,14.526510853648496,23.73018368590067,LC4
776,14.8649741289886,24.09507529685893,LC4
777,14.326757354949088,23.31116506284345,LC4
778,14.503017069914279,23.479320896108433,LC4
779,14.591095941847101,23.844241428624628,LC4
780,14.404952035925675,23.47485551083738,LC4
781,14.57368844986891,23.75436495837041,LC4
782,14.553323331040723,23.69762299833053,LC4
783,14.585672666400534,23.769012096831716,LC4
784,14.785278118537029,24.031208945495074,LC4
785,14.759172797149134,23.92445096136278,LC4
786,14.659027252505581,23.924699693769114,LC4
787,14.659230515593237,23.820163666743532,LC4
788,14.772948426451336,23.9988490528441,LC4
789,14.686179072363451,23.95904309322141,LC4
790,14.641069349932494,23.945854379465004,LC4
791,14.550351174347256,23.542296311910825,LC4
792,14.670623876379665,23.848428782847847,LC4
793,14.517280364496266,23.63406765681809,LC4
794,14.806463166810268,24.154782008351376,LC4
795,14.720733309925606,23.913375992951053,LC4
796,14.803536897323355,24.130411411044086,LC4
797,14.76974449973239,23.879107171686726,LC4
798,14.821952978827113,24.21565715140447,LC4
799,14.677695864742859,23.93301987146095,LC4
800,14.84096322775428,24.080758955812563,LC4
801,14.833003287667069,24.094819890313225,LC4
802,14.814662457968133,24.096389390979695,LC4
803,14.848474468968107,24.098478439733405,LC4
804,14.646339283218829,23.77650407977923,LC4
805,14.770687053039445,24.10489891310594,LC4
806,14.723315200726447,24.016925094717543,LC4
807,14.674433458195807,23.75337663333876,LC4
808,14.754201364695291,24.040674339556205,LC4
809,14.945046334618716,24.323692754628247,LC4
810,14.818584711797278,24.108435231847814,LC4
811,14.879878318086206,24.156569148260182,LC4
812,14.686226440801683,23.86897712840326,LC4
813,14.804773327874429,24.139086849885373,LC4
814,14.826245155209818,24.149763894104446,LC4
815,14.781398365344174,24.18825139754518,LC4
816,14.745872759321855,24.04693910238845,LC4
817,14.774088067282719,24.012170220532695,LC4
818,14.886302354319959,24.213261943422566,LC4
819,14.770329159561896,23.96332842142231,LC4
820,14.82170590048593,24.194459505795166,LC4
821,14.817571420194952,24.02398091789251,LC4
822,14.870269977884057,24.23463594417978,LC4
823,14.712204182340876,23.92986589619928,LC4
824,14.873663772865854,24.262208660311927,LC4
825,14.99704049198374,24.376405075715425,LC4
826,14.880647843611968,24.126222362681204,LC4
827,14.887709359326784,24.18286282629287,LC4
828,15.081483224227092,24.47667992218077,LC4
829,15.059909594835418,24.51317590022662,LC4
830,15.03935890514743,24.52934768481257,LC4
831,14.958617265975988,24.321923144099053,LC4
832,15.067046197946595,24.378876758070113,LC4
833,15.004642600791499,24.383942632322885,LC4
834,14.947343845774284,24.32036905033771,LC4
835,15.128627088711987,24.57345616212094,LC4
836,14.770588223190053,24.01768554413441,LC4
837,14.904432260715147,24.21808622003293,LC4
838,14.898787964530953,24.13610868214463,LC4
839,15.086881500069964,24.460209954749274,LC4
840,15.05329459691903,24.544435526474523,LC4
841,15.113906023441245,24.484846939687934,LC4
842,15.113402051854585,24.531139511481527,LC4
843,15.008207649578367,24.401896569979854,LC4
844,15.080787868506597,24.52301969785698,LC4
845,15.067676839965074,24.508969787965967,LC4
846,15.022376764599919,24.45276002209365,LC4
847,15.160463040383405,24.559716851431403,LC4
848,15.08037847488307,24.53631223224059,LC4
849,15.018768715002395,24.40177306343481,LC4
850,15.123515379501136,24.553187243988134,LC4
851,15.080939039356515,24.463291187016623,LC4
852,15.074792152339057,24.559706205740355,LC4
853,15.293172488390503,24.864543013704335,LC4
854,15.37739686411593,25.034848769639574,LC4
855,15.2986367361666,24.825806518125766,LC4
856,14.978051250097565,24.4072034517297,LC4
857,15.233515103997412,24.793327752947135,LC4
858,15.255170022405608,24.843326960976185,LC4
859,15.182251053349354,24.64304585674268,LC4
860,15.032215464197371,24.377360310921553,LC4
861,15.348365977099071,24.92396434715802,LC4
862,15.347384090806088,24.87429696325694,LC4
863,15.24147639378743,24.709517719752824,LC4
864,15.226897018055936,24.749186725288553,LC4
865,15.20384890308106,24.574045359281925,LC4
866,15.22085505896218,24.698397330986012,LC4
867,15.25366380980524,24.895179065251355,LC4
868,15.226720226301282,24.757110823193962,LC4
869,15.283174401199581,24.79725377002918,LC4
870,15.39659744401434,24.983030647162742,LC4
871,15.359132704343303,24.9221092942536,LC4
872,15.288171963300329,24.81193083483371,LC4
873,15.069264779310217,24.60893008386425,LC4
874,15.436414805687207,25.040588311607756,LC4
875,15.359590910311049,24.873912013317614,LC4
876,15.284224600680275,24.84796035904654,LC4
877,15.25821789925508,24.665944913728133,LC4
878,15.362342215185421,24.8966731087717,LC4
879,15.205400250823473,24.888377073967256,LC4
880,15.347054358460532,24.869274040496116,LC4
881,15.364759524844864,24.946292349767802,LC4
882,15.334666088867245,24.810813801807086,LC4
883,15.324209891389671,24.989497445559273,LC4
884,15.420984388544575,25.05128407646513,LC4
885,15.359922154418364,25.004974500768,LC4
886,15.454517511342978,25.137324797996563,LC4
887,15.22938475606015,24.779654222866917,LC4
888,15.49691912627101,25.16532562400976,LC4
889,15.371774886007394,25.00535332385234,LC4
890,15.439413960537507,25.064332819546955,LC4
891,15.270444220244947,24.829749297111903,LC4
892,15.456615636785813,25.1948377743161,LC4
893,15.335329001791344,24.918574046782105,LC4
894,15.394384872627526,25.0578700147202,LC4
895,15.379283974062659,25.047934235627913,LC4
896,15.477086533404147,25.07244081874282,LC4
897,15.477677930107085,25.075696869463854,LC4
898,15.477188062165425,25.02563863519537,LC4
899,15.409908532004728,25.11518845571821,LC4
900,15.444595382185348,25.04396662032932,LC4
901,15.30333346125203,24.8970540009185,LC4
902,15.579189162208145,25.17984300863413,LC4
903,15.572408993902194,25.263421012600965,LC4
904,15.413143687520524,25.107393104235115,LC4
905,15.577041865356271,25.26416898419427,LC4
906,15.661349555592345,25.36088137809267,LC4
907,15.296692364190065,24.820733258346003,LC4
908,15.519707795800365,25.192821313212555,LC4
909,15.354900864161749,25.11264784814999,LC4
910,15.572477981757075,25.25578350080128,LC4
911,15.527893828064215,25.180265624754547,LC4
912,15.716519413203791,25.4518926398518,LC4
913,15.67684655158589,25.328900826849797,LC4
914,15.44473387488825,25.024566113278652,LC4
915,15.710189895418047,25.508413242649915,LC4
916,15.553983788716259,25.159771772076546,LC4
917,15.571434090311307,25.244805885342913,LC4
918,15.87506402640436,25.650896475314823,LC4
919,15.486495478572643,25.094912371126895,LC4
920,15.639272847302834,25.27327412449938,LC4
921,15.589426662698045,25.20146439862082,LC4
922,15.636598942574146,25.36102103998082,LC4
923,15.606519711871272,25.451129148103988,LC4
924,15.681560523808145,25.371030072356625,LC4
925,15.683928161016908,25.473185741506434,LC4
926,15.66861385645339,25.449541944577703,LC4
927,15.66705572864874,25.429756006753934,LC4
928,15.808850824974904,25.716399680213364,LC4
929,15.65913402834287,25.289445738982863,LC4
930,15.650680464951037,25.462541004785216,LC4
931,15.814365879525084,25.8022480775414,LC4
932,15.735352429060391,25.483391516928435,LC4
933,15.789426296085551,25.558090141376034,LC4
934,15.786042727656188,25.5240949779662,LC4
935,15.647417318984182,25.35158770492724,LC4
936,15.670159314198791,25.382516311786873,LC4
937,15.590478921544516,25.34275633706047,LC4
938,15.59467284686712,25.262996811756665,LC4
939,15.839949320692071,25.730974109379915,LC4
940,15.662252769273124,25.44886139149675,LC4
941,15.79079182899202,25.618606375785212,LC4
942,15.736707424078439,25.5827293525545,LC4
943,15.760512961184297,25.592441172893864,LC4
944,15.861723376353737,25.71551163272794,LC4
945,15.843604678044585,25.605512366114446,LC4
946,15.828745964860637,25.692925388652505,LC4
947,15.832316909100506,25.61758103746518,LC4
948,15.72085981568943,25.62539521669668,LC4
949,15.820560724607404,25.652704342326935,LC4
950,15.814538036871333,25.737035225189167,LC4
951,15.701554555555994,25.518460009947773,LC4
952,15.746276151134914,25.536761002876688,LC4
953,15.852133738903703,25.688572410370313,LC4
954,15.837161775480986,25.679065254221925,LC4
955,15.785388387003387,25.48430151447169,LC4
956,15.881853014990988,25.7730956179537,LC4
957,15.835699011454977,25.748910651385515,LC4
958,15.915305363556165,25.738348085675035,LC4
959,15.795342926990344,25.631584384654936,LC4
960,15.965839679754524,25.98318878744002,LC4
961,15.947245005201736,25.920828815436593,LC4
962,16.012317822302016,25.855741484824478,LC4
963,15.894719289441184,25.763137855674003,LC4
964,15.852285379771153,25.72800686636647,LC4
965,15.91248279261027,25.901420455306024,LC4
966,15.717345451581735,25.543046515839315,LC4
967,15.91250169276411,25.77593175668852,LC4
968,15.916658823679782,25.731973345784127,LC4
969,15.835170502085653,25.786368731314006,LC4
970,15.884807594466473,25.721271187722145,LC4
971,15.906814490290408,25.748024156010032,LC4
972,16.047428992986355,25.98115306293704,LC4
973,15.84203978559627,25.688497839099114,LC4
974,15.904249610975434,25.774946206933237,LC4
975,15.977325926719026,25.844732225350597,LC4
976,15.909949266938483,25.82284481838505,LC4
977,15.775326119779294,25.687358886383727,LC4
978,15.988922456747687,25.90206294505304,LC4
979,15.995881644581843,25.83052125750077,LC4
980,15.996626579008833,25.975023500005776,LC4
981,15.893091449240274,25.83355395845711,LC4
982,15.944215671599828,25.98930604396027,LC4
983,16.22654510662757,26.29225870197083,LC4
984,16.09494345055451,26.073510505574404,LC4
985,15.853505403004213,25.74125777817555,LC4
986,15.958102985096723,25.814587563414804,LC4
987,16.050319978370524,26.06165362901489,LC4
988,15.953314807964645,25.896983509126947,LC4
989,16.040390541697533,26.056946772068926,LC4
990,15.824196796265888,25.685477811136174,LC4
991,16.18292077040595,26.178056213914957,LC4
992,16.064198326103465,26.033825899505985,LC4
993,16.09857571262073,26.066339153830143,LC4
994,16.043621639334397,26.067078300502764,LC4
995,15.988560350807795,26.03003879759052,LC4
996,16.093068858586143,26.02159053130312,LC4
997,16.163979408084685,26.188629558002773,LC4
998,16.196010789947536,26.236306457575246,LC4
999,16.080388966089657,25.97105097469648,LC4
1000,16.133624763394238,26.113970447214243,LC4
1001,16.10884849283846,26.12924138021956,LC4
1002,15.977784640978825,26.04850741412387,LC4
1003,16.267115028542065,26.187188461098557,LC4
1004,16.19970260159647,26.283265028235142,LC4
1005,16.32396879848747,26.37592071637001,LC4
1006,16.1244253385985,26.095559795497472,LC4
1007,16.23838619264894,26.24729227377005,LC4
1008,16.199123421028325,26.23021275314923,LC4
1009,16.091781606825748,26.092878126838748,LC4
1010,16.14383885551748,26.181923272136387,LC4
1011,16.091731432690956,26.083867036746952,LC4
1012,16.161288418251317,26.123770534358023,LC4
1013,16.168487774858825,26.253423991986693,LC4
1014,16.280778467068906,26.469025696803605,LC4
1015,16.03854014613679,26.056451073659716,LC4
1016,16.281054007653587,26.35194797519241,LC4
1017,16.341997357365564,26.438142098898467,LC4
1018,16.237345957428914,26.234736239480853,LC4
1019,16.415873047929658,26.543610902943087,LC4
1020,16.11299087077844,26.030079333986855,LC4
1021,16.36755682719722,26.441829371591233,LC4
1022,16.281208180485713,26.311483428166383,LC4
1023,16.263998619183795,26.3337205524113,LC4
1024,16.163027556995537,26.19991596569838,LC4
1025,16.049500674349567,26.004049139218715,LC4
1026,16.162141197804523,26.276267379935234,LC4
1027,16.242115110029644,26.267408827393822,LC4
1028,16.205851239648034,26.285806928196962,LC4
1029,16.302107915114796,26.35528217807073,LC4
1030,16.321500016716463,26.519573052644382,LC4
1031,16.302300228448914,26.49297157835445,LC4
1032,16.470730254430826,26.627137493627792,LC4
1033,16.266240814013585,26.391587442711646,LC4
1034,16.22159861108323,26.356913241406048,LC4
1035,16.4080987720617,26.55615814861602,LC4
1036,16.255874883448456,26.39332579630183,LC4
1037,16.39698047691853,26.5714561511059,LC4
1038,16.433618781050924,26.643718218530694,LC4
1039,16.369475466259892,26.5194981317279,LC4
1040,16.23313702319959,26.277851353212313,LC4
1041,16.515418761413237,26.739878073627004,LC4
1042,16.633775303547615,26.938663944014372,LC4
1043,16.333019236359767,26.475683406663734,LC4
1044,16.361526230032716,26.503037034013623,LC4
1045,16.280118061368405,26.457700146571668,LC4
1046,16.403748092746035,26.57661647822443,LC4
1047,16.413124360962755,26.5229778402189,LC4
1048,16.55873474428882,26.87076356810887,LC4
1049,16.497794991913423,26.72299219228946,LC4
1050,16.355133223898036,26.352095192628767,LC4
1051,16.37115438651154,26.499239350262094,LC4
1052,16.301173747995357,26.39786326966297,LC4
1053,16.451429855604637,26.55495251279872,LC4
1054,16.285823841413077,26.35574559712905,LC4
1055,16.321654229615987,26.362334406317082,LC4
1056,16.472686912100244,26.73946247593502,LC4
1057,16.59082520659768,26.705175442550356,LC4
1058,16.34316728031589,26.43868829728931,LC4
1059,16.492176821429503,26.63919148116748,LC4
1060,16.527005919863306,26.67322079978115,LC4
1061,16.506587556552006,26.782519166200714,LC4
1062,16.41915404493674,26.54462331385426,LC4
1063,16.37002333484191,26.53541060495494,LC4
1064,16.555221689494104,26.78977169429612,LC4
1065,16.38394643492071,26.606708786823376,LC4
1066,16.398444066006945,26.545144805146975,LC4
1067,16.54111357743875,26.688057110085936,LC4
1068,16.469444072558623,26.60014377312001,LC4
1069,16.720007638714527,27.051435883882903,LC4
1070,16.48838786349387,26.69592007183249,LC4
1071,16.74893343738139,27.166967128760284,LC4
1072,16.604166459133225,26.882083376200683,LC4
1073,16.370398224643004,26.540446526011884,LC4
1074,16.603513460859027,26.816945808516166,LC4
1075,16.722825122883563,27.086427632680014,LC4
1076,16.462575016055837,26.61259965155606,LC4
1077,16.5085561949111,26.686142442370524,LC4
1078,16.605969726929416,26.92205200774621,LC4
1079,16.593328130657746,26.83687034159898,LC4
1080,16.452319441889685,26.629033586094565,LC4
1081,16.684097986471507,27.058916311109492,LC4
1082,16.69007944179576,26.98081315784458,LC4
1083,16.57869922398075,26.857463825619554,LC4
1084,16.468937119230183,26.656716808998425,LC4
1085,16.71112785966981,26.96476910826791,LC4
1086,16.646032282518846,26.91064959996023,LC4
1087,16.80530921769106,27.202040725524945,LC4
1088,16.596016433526508,26.84624004223857,LC4
1089,16.65974825127865,27.002073102961113,LC4
1090,16.47614460964219,26.6621781776174,LC4
1091,16.617529502402768,26.862411164406154,LC4
1092,16.682128406938986,26.957979715994576,LC4
1093,16.520038874379217,26.65741308553327,LC4
1094,16.76818195870559,27.21982402591123,LC4
1095,16.770108054789702,27.08257967340358,LC4
1096,16.568119333962137,26.843477241904488,LC4
1097,16.63500100610498,26.84849062731488,LC4
1098,16.613104642505434,26.95142279414381,LC4
1099,16.548246146766395,26.75795878416747,LC4
1100,16.641007992543237,26.97082682337517,LC4
1101,16.722204599882595,27.07669681718209,LC4
1102,16.790612924767714,27.13237155217201,LC4
1103,16.736750900332765,27.07883521644623,LC4
1104,16.753997065100435,27.045246209957753,LC4
1105,16.770649526455834,27.08329100527338,LC4
1106,16.74108340825972,27.09321681110032,LC4
1107,16.879050851257944,27.22478969829561,LC4
1108,16.708260256450863,26.9933491506195,LC4
1109,16.680843300407446,27.01289363549244,LC4
1110,16.851577066223413,27.29110398667929,LC4
1111,16.625482027941324,26.79947347943625,LC4
1112,16.709947331343095,27.049729084925247,LC4
1113,16.741175203537423,27.032170910704927,LC4
1114,16.95153162613761,27.350483477946717,LC4
1115,16.73300751333099,26.99154012277731,LC4
1116,16.787126150248056,27.15654430283827,LC4
1117,16.88593609352497,27.21183073460532,LC4
1118,16.743028387204426,27.10353375992517,LC4
1119,16.78749123052365,27.219520627479653,LC4
1120,16.81277223264923,27.215695729799393,LC4
1121,16.701544167298593,27.08570566924716,LC4
1122,16.834708455693878,27.28551225787833,LC4
1123,16.887351630821556,27.227536950103115,LC4
1124,16.933824439779194,27.393205927079727,LC4
1125,16.811954107295534,27.1952898901066,LC4
1126,16.848318094197268,27.24523739357017,LC4
1127,16.844797658822195,27.248793439076394,LC4
1128,16.724017460424683,27.082253295955965,LC4
1129,16.948410741998615,27.328662858571903,LC4
1130,16.968724592401273,27.3561032503683,LC4
1131,16.921416300172574,27.367822234599394,LC4
1132,16.96771155634101,27.416904515489904,LC4
1133,16.86143575609843,27.25323442303722,LC4
1134,16.789298235548713,27.15178451543681,LC4
1135,16.835290065963925,27.227096169957854,LC4
1136,16.819088202164266,27.181430780611706,LC4
1137,16.850808744932294,27.26848543593799,LC4
1138,16.89992422349598,27.291074773862753,LC4
1139,16.9892751479897,27.43692880469866,LC4
1140,16.93963045679063,27.335712913095087,LC4
1141,16.973685513308865,27.382184771961732,LC4
1142,16.883856532476315,27.293092278368263,LC4
1143,16.954068199985905,27.446006523330546,LC4
1144,16.8870848604627,27.34911806417488,LC4
1145,17.011397018091465,27.483834492525304,LC4
1146,16.989122525903646,27.44486273839329,LC4
1147,16.780453646910466,27.164171099060766,LC4
1148,16.843270513234714,27.21017441638528,LC4
1149,16.96929317545908,27.384868617211602,LC4
1150,16.90126647749932,27.347424259682043,LC4
1151,16.88468859690746,27.327042203796502,LC4
1152,16.879680506134875,27.31693638940839,LC4
1153,16.990073119557145,27.472063855960357,LC4
1154,16.997423423334375,27.436113004904826,LC4
1155,17.019106258075254,27.42950467907601,LC4
1156,17.033057334003914,27.5576826213589,LC4
1157,16.952379090388895,27.409355009192964,LC4
1158,16.960381759874593,27.333945674685545,LC4
1159,17.099648825528753,27.634227339925552,LC4
1160,16.941462288471534,27.30224262320727,LC4
1161,16.976953061012182,27.52861357418105,LC4
1162,17.044585639108753,27.552217426808355,LC4
1163,17.03452254023542,27.53887647427947,LC4
1164,17.203810635726867,27.826612893004203,LC4
1165,16.921658274630225,27.396553599752167,LC4
1166,16.92430646384441,27.384884514008952,LC4
1167,16.876416179522025,27.34084106291857,LC4
1168,17.1011265658818,27.676201951368306,LC4
1169,17.02383439874351,27.501298521969254,LC4
1170,16.96185663394556,27.38742579147717,LC4
1171,17.056740588551605,27.59144116316999,LC4
1172,16.96212121792462,27.406546614968,LC4
1173,17.14318483679118,27.65510595645184,LC4
1174,17.058469956344823,27.518780056487195,LC4
1175,16.967374797962258,27.347235487196535,LC4
1176,17.144563656540257,27.701085913980094,LC4
1177,17.108686371952423,27.622476917607912,LC4
1178,16.985034577847074,27.50796179857715,LC4
1179,17.0166099545295,27.51310869013011,LC4
1180,17.020366873274426,27.543132778077677,LC4
1181,17.241790764848908,27.789683190264896,LC4
1182,17.133342407054286,27.690078697418386,LC4
1183,17.04000922554078,27.600054354230835,LC4
1184,17.04001098510328,27.564586523777045,LC4
1185,17.193983146601873,27.778695577620923,LC4
1186,17.094729888805183,27.661075932313103,LC4
1187,17.141536405252744,27.704561381323096,LC4
1188,17.19468858702151,27.786895379403425,LC4
1189,17.18912648183644,27.77789780559729,LC4
1190,17.23102476215417,27.8116745038146,LC4
1191,17.242592579716764,27.85576463958789,LC4
1192,17.203993952290894,27.86662855958943,LC4
1193,17.071548284356844,27.580027402686483,LC4
1194,17.291033797000836,27.885118925769596,LC4
1195,17.25711862482543,27.891572956984994,LC4
1196,17.087150067031963,27.671018785442364,LC4
1197,17.216260914525655,27.816397648784964,LC4
1198,17.30224605497022,27.928121363393196,LC4
1199,17.24338508824379,27.847406291206077,LC4
1200,17.211390593501434,27.803317747568478,LC4
1201,17.27748452043555,27.852544896082023,LC4
1202,17.220637528253555,27.8428910477621,LC4
1203,17.0940575015739,27.619453444973452,LC4
1204,17.246889786721134,27.813488812024765,LC4
1205,17.19349523145644,27.901800564475586,LC4
1206,17.30577009526958,27.914297750038727,LC4
1207,17.181892835913715,27.735055713693797,LC4
1208,17.308330487920806,27.946277669334954,LC4
1209,17.241672448664936,27.829357074263363,LC4
1210,17.322796098533054,27.95077440433721,LC4
1211,17.27514458775409,27.906069903276084,LC4
1212,17.263173346454145,27.86637191887722,LC4
1213,17.19347034519034,27.823087889828997,LC4
1214,17.30935585547988,27.94168287418531,LC4
1215,17.267265840898247,27.856438353266583,LC4
1216,17.266639654497048,27.84772018425771,LC4
1217,17.246156933136156,27.830897435554895,LC4
1218,17.313582086123198,27.938112586009105,LC4
1219,17.414920765839142,28.109318285275172,LC4
1220,17.275500651646503,27.992085970446972,LC4
1221,17.21021563097208,27.863153919576355,LC4
1222,17.22329322994876,27.743751038475516,LC4
1223,17.31587693867899,27.97378444097096,LC4
1224,17.429761542899655,28.137389833273865,LC4
1225,17.43149088783276,28.124893446608034,LC4
1226,17.30852147675303,27.956809692565074,LC4
1227,17.37793351507164,28.040925434531893,LC4
1228,17.372139934732424,28.013864550441603,LC4
1229,17.330748136622205,27.9411998498934,LC4
1230,17.40536842650252,28.076950681506148,LC4
1231,17.453174006942596,28.14581080091321,LC4
1232,17.290497920125915,27.96124178000874,LC4
1233,17.399227393530452,28.11655424437695,LC4
1234,17.403366289563124,28.107358392234673,LC4
1235,17.344524360990555,28.041296683069653,LC4
1236,17.361342961103738,27.99585114737377,LC4
1237,17.416470797919963,28.129559112007286,LC4
1238,17.336079254616124,27.970198788895807,LC4
1239,17.41680366861859,28.072318735831793,LC4
1240,17.468787962766925,28.17686960565925,LC4
1241,17.415307920678394,28.115016768359716,LC4
1242,17.268673903334395,27.964649387987834,LC4
1243,17.35410787953552,28.066624135385652,LC4
1244,17.409545284225075,28.044602675269005,LC4
1245,17.441297485672933,28.183078264132256,LC4
1246,17.447416229414998,28.129687763482785,LC4
1247,17.44024019078514,28.210739381949196,LC4
1248,17.482383814764376,28.20808271670701,LC4
1249,17.413858634231936,28.15894057078809,LC4
1250,17.493144213098276,28.1775835311429,LC4
1251,17.452876419237235,28.174059782402125,LC4
1252,17.42102446150652,28.137763562957026,LC4
1253,17.38222479573031,28.174285587084825,LC4
1254,17.447796427014133,28.124298712462988,LC4
1255,17.500061245982693,28.29330654342354,LC4
1256,17.541360924698473,28.261985410742263,LC4
1257,17.448199889050173,28.149468586614113,LC4
1258,17.49860049170139,28.193739949531313,LC4
1259,17.530291937243348,28.305870708389605,LC4
1260,17.514041580447625,28.24358602515236,LC4
1261,17.469404654850685,28.26762845367201,LC4
1262,17.594486197135268,28.342727747282424,LC4
1263,17.446664194865114,28.126537931794395,LC4
1264,17.507237412104715,28.259041559667267,LC4
1265,17.595861677802134,28.35464109757931,LC4
1266,17.495537032419584,28.230697535323046,LC4
1267,17.51290615478809,28.265205280509036,LC4
1268,17.488408422187433,28.226250451248156,LC4
1269,17.491120054120714,28.225354847131797,LC4
1270,17.585488439458878,28.364782747342723,LC4
1271,17.591490632044675,28.349653801548,LC4
1272,17.6055796638165,28.433330955170995,LC4
1273,17.50819235549867,28.346837039988607,LC4
1274,17.617667544129446,28.418520097651104,LC4
1275,17.566492546839157,28.321529882783274,LC4
1276,17.603297872227976,28.36315470500496,LC4
1277,17.66216993628737,28.477962734583883,LC4
1278,17.634695410308275,28.46189994957907,LC4
1279,17.560156185093554,28.336878655214598,LC4
1280,17.64623864616123,28.473379384681913,LC4
1281,17.651921278395776,28.485015571005135,LC4
1282,17.64398742613922,28.4610788008439,LC4
1283,17.687799839481514,28.538724230446086,LC4
1284,17.658210813267743,28.470975163296103,LC4
1285,17.573387059096774,28.34729338064205,LC4
1286,17.700425847761593,28.522755170451262,LC4
1287,17.639377458259027,28.430210725772348,LC4
1288,17.598438967801194,28.416990315635402,LC4
1289,17.654134294779794,28.487628944058436,LC4
1290,17.69837998391212,28.55269437616397,LC4
1291,17.641274429698313,28.47487198496195,LC4
1292,17.65854891599043,28.482926187546717,LC4
1293,17.65214651740626,28.4680396202219,LC4
1294,17.655060933013942,28.486273717862716,LC4
1295,17.578934412338555,28.398726587503873,LC4
1296,17.673363196897483,28.58887652456226,LC4
1297,17.663580830410815,28.503256511150155,LC4
1298,17.766801950188267,28.64271130427617,LC4
1299,17.69627642824898,28.49021465116367,LC4
1300,17.654525200020977,28.46233372482996,LC4
1301,17.703925911175403,28.53499358072652,LC4
1302,17.723587233006285,28.61957142081905,LC4
1303,17.677829443995428,28.54703549667262,LC4
1304,17.698168214487325,28.54961827203021,LC4
1305,17.707746213223288,28.5661812457882,LC4
1306,17.752477886717358,28.652132219698785,LC4
1307,17.70361859820766,28.556940725477006,LC4
1308,17.73839800444385,28.61101713264842,LC4
1309,17.79800430529641,28.685630719991543,LC4
1310,17.80623010773708,28.72173697417891,LC4
1311,17.740238223999285,28.599121891081452,LC4
1312,17.721710875481243,28.5671510809904,LC4
1313,17.771940278726547,28.63936226189746,LC4
1314,17.811808099636195,28.6858543431767,LC4
1315,17.748381307122393,28.629991442354246,LC4
1316,17.73862852842383,28.601288096212564,LC4
1317,17.746267435768488,28.6535562402633,LC4
1318,17.760964810999383,28.631346885670162,LC4
1319,17.78591811812649,28.701924151047855,LC4
1320,17.7821484673418,28.65889153328252,LC4
1321,17.755261721486306,28.608597941921772,LC4
1322,17.73372046232145,28.590251192692712,LC4
1323,17.83155909008989,28.698331096604804,LC4
1324,17.84326104130775,28.773222437265126,LC4
1325,17.808712446657793,28.76447260458736,LC4
1326,17.83167020604921,28.695468730647747,LC4
1327,17.813609423822378,28.71145255344865,LC4
1328,17.848481947854054,28.767010015530545,LC4
1329,17.849668211417807,28.751147300000135,LC4
1330,17.81276065592126,28.72526900292638,LC4
1331,17.88631709577863,28.845688959728797,LC4
1332,17.790703519867307,28.685867788069444,LC4
1333,17.801621478651363,28.677886372267068,LC4
1334,17.831671394539036,28.768436061434848,LC4
1335,17.858912452389724,28.79984062545418,LC4
1336,17.859612394469686,28.75168395996799,LC4
1337,17.906187613435023,28.825322860134612,LC4
1338,17.86895321290809,28.838701924196172,LC4
1339,17.898641640181324,28.84315751493041,LC4
1340,17.97810278293109,28.948426394576437,LC4
1341,17.90421100686404,28.81334492144169,LC4
1342,17.93928653657325,28.90794143066858,LC4
1343,17.897059434172924,28.863593676064745,LC4
1344,17.87751947068466,28.81929707519042,LC4
1345,17.87235133771177,28.821766462243723,LC4
1346,17.908854097683594,28.86612472661148,LC4
1347,17.89360538108349,28.85110986072379,LC4
1348,17.85902585262251,28.78706911080006,LC4
1349,17.958017827603236,28.952221093312325,LC4
1350,17.94414741300315,28.94605707923099,LC4
1351,17.972907999464525,28.97827375550183,LC4
1352,17.96780803818914,28.960147186908365,LC4
1353,17.953646886148903,28.90436255931383,LC4
1354,17.95738660361249,28.924012413182567,LC4
1355,17.933833191919483,28.88929827088937,LC4
1356,17.986126342374355,28.977587604048814,LC4
1357,18.015979886651394,29.011551236986563,LC4
1358,18.025615835799286,29.04983043630743,LC4
1359,17.9706920052489,28.950665314562194,LC4
1360,17.95515014642524,28.903364999461026,LC4
1361,17.950823963684385,28.920239667524022,LC4
1362,17.96072407524308,28.98503859585771,LC4
1363,17.99094875799546,28.967915505412464,LC4
1364,17.96529166259362,28.93056382062698,LC4
1365,17.96587227468428,28.972050111896415,LC4
1366,17.990972608134065,28.96796456077751,LC4
1367,18.003057136358954,29.0061800782293,LC4
1368,18.012535314773004,29.028278174869982,LC4
1369,18.02458952905735,29.04571935070772,LC4
1370,17.983426937515183,28.963549492232453,LC4
1371,18.037500519881455,29.076046402002333,LC4
1372,18.06323169296111,29.104647706557763,LC4
1373,17.972787745753976,28.951780286090575,LC4
1374,18.03904404644129,29.06987086056172,LC4
1375,18.011056176916227,29.015956129084174,LC4
1376,18.048759148775126,29.09928904833358,LC4
1377,18.069230702576554,29.106507099152196,LC4
1378,18.041230291885405,29.058390236506945,LC4
1379,18.052946909817017,29.071778790986357,LC4
1380,18.065686384109384,29.085832556090466,LC4
1381,18.044054755428782,29.074931176244313,LC4
1382,18.075390424762936,29.10778753408792,LC4
1383,18.055672710802256,29.08525555947351,LC4
1384,18.08267753550964,29.12691930605036,LC4
1385,18.073033818341877,29.113385587860584,LC4
1386,18.070734311085623,29.11716546225808,LC4
1387,18.052718344792275,29.0715007218053,LC4
1388,18.07692799555877,29.101305606083756,LC4
1389,18.090091521517408,29.126414908912743,LC4
1390,18.085345651270238,29.121016743845004,LC4
1391,18.10159169095322,29.150409786325213,LC4
1392,18.105234565829498,29.158814027817463,LC4
1393,18.11940002429914,29.183167146243214,LC4
1394,18.114572455358008,29.16669565294866,LC4
1395,18.114199306559797,29.169367836388624,LC4
1396,18.12484226178401,29.18862819610051,LC4
1397,18.138529373603838,29.212641049754076,LC4
1398,18.13835319541638,29.21224093792327,LC4
1399,18.128709711492753,29.202117281535124,LC4
1400,18.13993921734319,29.21445957950526,LC4
1401,18.14708728831223,29.228074118147624,LC4
1,0.04322570383010316,0.07785716174839763,LPLC2
2,0.09414349510242914,0.1595684059300453,LPLC2
3,0.13559414577822793,0.22500554708017262,LPLC2
4,0.18105628623619907,0.3064054055281389,LPLC2
5,0.21085815986401713,0.3691571662073301,LPLC2
6,0.2666134944863643,0.4507757142431075,LPLC2
7,0.3105383828701349,0.520093905674301,LPLC2
8,0.33223062284527316,0.5769654058062628,LPLC2
9,0.3771869032539996,0.6229940780031171,LPLC2
10,0.44726536601623934,0.7381127754996584,LPLC2
11,0.45767317919316497,0.7833083326729309,LPLC2
12,0.49404165338907546,0.8325125054054894,LPLC2
13,0.5121809252255787,0.8801617107933737,LPLC2
14,0.5882126624300383,0.9669380518746493,LPLC2
15,0.5895702356952341,1.0031851922822739,LPLC2
16,0.6333256069393371,1.0726195652400747,LPLC2
17,0.6766163155419065,1.1342001971541293,LPLC2
18,0.7285170467636277,1.2251830815351639,LPLC2
19,0.7293991414362608,1.2342201000451638,LPLC2
20,0.783692735684042,1.3103284801824628,LPLC2
21,0.7512099577178049,1.2860200554905248,LPLC2
22,0.822268763135142,1.384558323922036,LPLC2
23,0.8473864671866806,1.4206051005768643,LPLC2
24,0.8898392537534363,1.4888363149628532,LPLC2
25,0.8842964109063303,1.4920285794318886,LPLC2
26,0.9260913376646869,1.5793547215709651,LPLC2
27,0.9880436010997613,1.6507051459557829,LPLC2
28,1.0073896558798339,1.695448724430463,LPLC2
29,0.9984611223288056,1.6913029760317642,LPLC2
30,1.021647444537237,1.7225206072108108,LPLC2
31,1.0534368885760443,1.7655245481723227,LPLC2
32,1.1080751348664393,1.79973536691233,LPLC2
33,1.1427657506944229,1.897150177931053,LPLC2
34,1.1807473785724625,1.952630997930143,LPLC2
35,1.1657133860645388,1.9554259754953307,LPLC2
36,1.207389617996796,1.9893269398554594,LPLC2
37,1.272102918828793,2.100497711017752,LPLC2
38,1.2488037848283113,2.0742655137118646,LPLC2
39,1.327810139493323,2.1887076660583347,LPLC2
40,1.2568280493147626,2.097771713446008,LPLC2
41,1.353414628698843,2.265968888769706,LPLC2
42,1.3770967996597676,2.298473246305349,LPLC2
43,1.350485786915641,2.2741524240396274,LPLC2
44,1.4118975788854584,2.359197817082446,LPLC2
45,1.3750074125918417,2.2674596420857824,LPLC2
46,1.4475257124929755,2.3982697271446938,LPLC2
47,1.4805609109382942,2.4477501575723295,LPLC2
48,1.5292359798009159,2.539369208982535,LPLC2
49,1.5288306617415799,2.5451072303696805,LPLC2
50,1.504837528530615,2.5056837349813037,LPLC2
51,1.5253765382971096,2.53055591238423,LPLC2
52,1.5617051319266295,2.604385655655932,LPLC2
53,1.6178091127328713,2.686105122186902,LPLC2
54,1.59443718476777,2.6470189171665055,LPLC2
55,1.6314445232272163,2.693341533639426,LPLC2
56,1.6700596128767984,2.7456062804533303,LPLC2
57,1.653816986373272,2.716838819512148,LPLC2
58,1.6930250891463174,2.7733020555641588,LPLC2
59,1.6791954129650009,2.798470938876193,LPLC2
60,1.7366601795802694,2.865692516676205,LPLC2
61,1.705045439403051,2.8225917166865884,LPLC2
62,1.679227000432661,2.7787766094779585,LPLC2
63,1.7939655469522222,2.95106646741408,LPLC2
64,1.817652534745207,3.0142884901904807,LPLC2
65,1.7902700445947914,2.966208430883981,LPLC2
66,1.8372666681758574,3.0338669643035274,LPLC2
67,1.884566156995632,3.088133867460698,LPLC2
68,1.896830372999645,3.125885769244249,LPLC2
69,1.8005485348934371,2.9943228184934796,LPLC2
70,1.8757318900860298,3.1131076632179315,LPLC2
71,1.9323960262115492,3.198840713919992,LPLC2
72,1.9344398742068876,3.1838505113140343,LPLC2
73,1.959879929032894,3.2219379342011223,LPLC2
74,1.9401500026859253,3.1895733980166057,LPLC2
75,1.958189944357997,3.2290826508646404,LPLC2
76,1.9806819498331834,3.2709381658161334,LPLC2
77,2.0345990137847707,3.352646295504485,LPLC2
78,2.0075405731687113,3.2990649662301834,LPLC2
79,2.0539809134328237,3.377265384166833,LPLC2
80,2.0326712028176104,3.3239546960638364,LPLC2
81,2.066980995025574,3.41911594902146,LPLC2
82,2.0592380171392506,3.390042133342625,LPLC2
83,1.9577081890996624,3.2469503900304844,LPLC2
84,2.1583795492012285,3.55138298748696,LPLC2
85,1.9902300726513573,3.262267917457187,LPLC2
86,2.107407177042248,3.426848467444735,LPLC2
87,2.154901099594042,3.54948737703414,LPLC2
88,2.1565369404794694,3.5614779723720105,LPLC2
89,2.1304245733667955,3.5044161263550393,LPLC2
90,2.2277039683179822,3.654744443471195,LPLC2
91,2.1534407512400975,3.5579933149837544,LPLC2
92,2.2102198757432063,3.621603604409735,LPLC2
93,2.207103697210769,3.6228074574331046,LPLC2
94,2.2506807821460626,3.7077405968443315,LPLC2
95,2.2425142966811222,3.7016933320731127,LPLC2
96,2.1822219628321733,3.5936715411619957,LPLC2
97,2.239986214213772,3.6693449425465943,LPLC2
98,2.299371771779832,3.7434266155931155,LPLC2
99,2.3076382766970482,3.786270936062081,LPLC2
100,2.3067357889750184,3.768990952758138,LPLC2
101,2.3741699323009513,3.8907693354390602,LPLC2
102,2.31409634262765,3.7897037572215737,LPLC2
103,2.2326716295362417,3.6965399290834355,LPLC2
104,2.3663242382247063,3.8763843183679754,LPLC2
105,2.3554012800014164,3.8648761076159843,LPLC2
106,2.3380528397235025,3.863030045334895,LPLC2
107,2.374344250898659,3.8859494145798905,LPLC2
108,2.3973335454474594,3.9303575623015234,LPLC2
109,2.4481540201026135,3.9887348306846917,LPLC2
110,2.3355310104226277,3.835509164863872,LPLC2
111,2.450397863396489,4.008098195377585,LPLC2
112,2.456446075983699,4.008139548478681,LPLC2
113,2.4603699891608883,4.013094649025717,LPLC2
114,2.4866057030730744,4.054747909499291,LPLC2
115,2.505355397251037,4.09883841716092,LPLC2
116,2.486150476009371,4.064865543912184,LPLC2
117,2.4671948082978474,4.046586978526314,LPLC2
118,2.515616920160795,4.114177497813152,LPLC2
119,2.5877162377826437,4.219806597371424,LPLC2
120,2.4866198888033963,4.063710002615835,LPLC2
121,2.535759722424693,4.152329507078612,LPLC2
122,2.499753084407992,4.0871457204588495,LPLC2
123,2.6006119262918688,4.240423681380115,LPLC2
124,2.597072807221913,4.2448074920026855,LPLC2
125,2.6260068559340155,4.283983124456853,LPLC2
126,2.613111376995853,4.250534634182891,LPLC2
127,2.594141986890733,4.23060737685757,LPLC2
128,2.6027128981146745,4.2326089518569745,LPLC2
129,2.6545885790487134,4.311933641922572,LPLC2
130,2.666973025811977,4.346522675032631,LPLC2
131,2.653840729424033,4.325667492682385,LPLC2
132,2.6988612205359743,4.394379379305633,LPLC2
133,2.717807830670438,4.418973728297722,LPLC2
134,2.6325631026290566,4.291699725433105,LPLC2
135,2.6930432170581113,4.369560906139824,LPLC2
136,2.632781210793894,4.291814638724432,LPLC2
137,2.694637996125749,4.385368894371126,LPLC2
138,2.7327123874774557,4.453503339736166,LPLC2
139,2.729961939497514,4.447929620275872,LPLC2
140,2.718274174788405,4.419601176468561,LPLC2
141,2.7313854612045887,4.4547059113040675,LPLC2
142,2.7589216871792885,4.4849077545789555,LPLC2
143,2.745834302800695,4.466897175882579,LPLC2
144,2.728870183807196,4.44991584540869,LPLC2
145,2.702528540592297,4.391530826079837,LPLC2
146,2.7509550204269644,4.437439043175026,LPLC2
147,2.8147576033310386,4.5696822056514605,LPLC2
148,2.7781464995890843,4.525271837432804,LPLC2
149,2.791433221995213,4.5387254326015025,LPLC2
150,2.7613764339572455,4.489016957557986,LPLC2
151,2.7945191377397762,4.538188244106692,LPLC2
152,2.8269090848660383,4.579393671207228,LPLC2
153,2.7895997575362657,4.538694527595169,LPLC2
154,2.8567003918821143,4.636179354263035,LPLC2
155,2.8774989566454394,4.667433201799007,LPLC2
156,2.8824545696189574,4.665925417676313,LPLC2
157,2.884993591169909,4.6618867272539575,LPLC2
158,2.890863063887636,4.688528441051325,LPLC2
159,2.8623751950533247,4.640556896121311,LPLC2
160,2.92453628533643,4.740560044638109,LPLC2
161,2.8951286402049377,4.703231101267818,LPLC2
162,2.9517433525035486,4.783665532498588,LPLC2
163,2.9052113327386877,4.6995387880009645,LPLC2
164,2.9119823885948435,4.7148591784849,LPLC2
165,2.9561364465195368,4.775093028754391,LPLC2
166,2.92386352659954,4.732607993094447,LPLC2
167,2.9156011953325276,4.731182838371453,LPLC2
168,2.9885230395300155,4.837497462487114,LPLC2
169,2.9670977531427596,4.7964921232845725,LPLC2
170,2.9739069240778164,4.8130412423059,LPLC2
171,2.917323614113883,4.7266763185535865,LPLC2
172,3.0064283487770993,4.868801233508982,LPLC2
173,3.0068950729920374,4.8612177167242265,LPLC2
174,3.024838545475724,4.893587651144024,LPLC2
175,2.9993217336923905,4.860073670653655,LPLC2
176,2.9465812989292886,4.76276635092762,LPLC2
177,3.05236628910383,4.93353790892057,LPLC2
178,2.9973540048380443,4.8528579074191,LPLC2
179,3.0049557300543555,4.856459550121329,LPLC2
180,3.071098479085528,4.9771569076172,LPLC2
181,3.0542641859343505,4.945373329646557,LPLC2
182,3.017861299434273,4.869288216882971,LPLC2
183,3.0841821032819254,4.9967066365102895,LPLC2
184,3.0619547897308053,4.954871599036736,LPLC2
185,3.0385990680179376,4.910659489151477,LPLC2
186,3.0916463027387096,4.99326590638713,LPLC2
187,3.122190411845807,5.034176900159018,LPLC2
188,3.118745830792676,5.035049549082601,LPLC2
189,3.1412934770600387,5.078096181174345,LPLC2
190,3.083392971611012,4.973806144366712,LPLC2
191,3.115560408851117,5.03426774842243,LPLC2
192,3.1033014125619545,5.011476160000889,LPLC2
193,3.1318462566814347,5.0435482580596585,LPLC2
194,3.130202690469929,5.045017087058994,LPLC2
195,3.158216991844043,5.092713851037459,LPLC2
196,3.064396674741033,4.94709477533776,LPLC2
197,3.133034818535947,5.06972676120607,LPLC2
198,3.1721052569157138,5.112909213857861,LPLC2
199,3.1801666079719055,5.1443859094458375,LPLC2
200,3.139765662088884,5.070764142776582,LPLC2
201,3.166664166961098,5.115505010151999,LPLC2
202,3.185900178905733,5.135612510746135,LPLC2
203,3.220135495719454,5.180242053426063,LPLC2
204,3.1185142956993133,5.0392977352042365,LPLC2
205,3.1845392899142624,5.127752945928584,LPLC2
206,3.210892031260194,5.169250743494949,LPLC2
207,3.2376360073217683,5.212363524455952,LPLC2
208,3.180696790509998,5.133608071755013,LPLC2
209,3.2344151617837156,5.206530347874271,LPLC2
210,3.250779347759554,5.232461817622031,LPLC2
211,3.2546051911254352,5.244837340452115,LPLC2
212,3.2587086973787365,5.264503501277325,LPLC2
213,3.232954412366844,5.194930709905471,LPLC2
214,3.2538340455900467,5.227933817475751,LPLC2
215,3.293262346110346,5.3045503992959695,LPLC2
216,3.3295394674317933,5.368023520614905,LPLC2
217,3.2176355199565663,5.189807778792307,LPLC2
218,3.2974790198266746,5.30366498410163,LPLC2
219,3.287883757774644,5.282406897698884,LPLC2
220,3.282247883985633,5.270369247523597,LPLC2
221,3.281749512207959,5.285370589407549,LPLC2
222,3.2910113778522287,5.282480233754086,LPLC2
223,3.2492004872323292,5.226446085272855,LPLC2
224,3.338989353302729,5.377066703848051,LPLC2
225,3.3096298571595497,5.325362670260091,LPLC2
226,3.3245836287289023,5.348256608097401,LPLC2
227,3.355609906550029,5.393895135286144,LPLC2
228,3.3411014498910845,5.370947672363954,LPLC2
229,3.325506814443507,5.352372739108276,LPLC2
230,3.351062544002076,5.368606937731187,LPLC2
231,3.3779757169423164,5.429866331712773,LPLC2
232,3.3916435860505985,5.44226097845646,LPLC2
233,3.3695892704065358,5.4160576182179625,LPLC2
234,3.377824811392145,5.423299811053305,LPLC2
235,3.3648772474816084,5.405908340204952,LPLC2
236,3.388163557859947,5.439382058573521,LPLC2
237,3.3151541723641245,5.318385428684252,LPLC2
238,3.363356029678073,5.407964085786169,LPLC2
239,3.3869504385264975,5.433836664577562,LPLC2
240,3.390269322412742,5.4543044098528455,LPLC2
241,3.4394146963551293,5.5285831432554104,LPLC2
242,3.408974576840869,5.4762071089795015,LPLC2
243,3.400533891822242,5.4539445180635795,LPLC2
244,3.4301087473549714,5.506086429913353,LPLC2
245,3.4253282827478344,5.504095971324155,LPLC2
246,3.394782081371048,5.438425720664952,LPLC2
247,3.3913155348260346,5.445520820738963,LPLC2
248,3.3819354256643166,5.433374203051571,LPLC2
249,3.4528472293363066,5.522854405853529,LPLC2
250,3.4380361978077403,5.516475390938261,LPLC2
251,3.468505822601834,5.55399295890745,LPLC2
252,3.4743312081686355,5.571762106554473,LPLC2
253,3.445863323922431,5.536834314958348,LPLC2
254,3.4211858802778536,5.4918023466442065,LPLC2
255,3.4904136141465543,5.596753229070735,LPLC2
256,3.437728995677979,5.527538585047161,LPLC2
257,3.537845015367644,5.669015883446988,LPLC2
258,3.4849558809538195,5.586977226305045,LPLC2
259,3.5174130430893413,5.640604583866121,LPLC2
260,3.4826762192133245,5.57724237809613,LPLC2
261,3.4973306466626966,5.6204484486129545,LPLC2
262,3.500755118154494,5.612343227167784,LPLC2
263,3.5154703328577384,5.6453542276752415,LPLC2
264,3.5159449971034675,5.61810864069836,LPLC2
265,3.5205562297042334,5.63606133108069,LPLC2
266,3.54109114899002,5.663869107642981,LPLC2
267,3.5538297526055374,5.684997992290661,LPLC2
268,3.5468987320250704,5.68980792976587,LPLC2
269,3.5126081668879365,5.619781313945509,LPLC2
270,3.556001170010866,5.69795151178392,LPLC2
271,3.559236054373855,5.7020370172413735,LPLC2
272,3.5272926174489356,5.660772710514955,LPLC2
273,3.562969669206751,5.707869146941931,LPLC2
274,3.546959146074684,5.666377032076845,LPLC2
275,3.587527032479308,5.738317675472473,LPLC2
276,3.541502609948431,5.680768487723519,LPLC2
277,3.555709086402075,5.69532723321614,LPLC2
278,3.6068865378137076,5.774462855466908,LPLC2
279,3.5801054202588887,5.736365143797983,LPLC2
280,3.5761410327589473,5.7250922506319455,LPLC2
281,3.615563755389779,5.780953425138975,LPLC2
282,3.5718659614823878,5.730240790273193,LPLC2
283,3.641815442963633,5.816828038362054,LPLC2
284,3.562896063628294,5.70729041698241,LPLC2
285,3.606830262491954,5.769009499476503,LPLC2
286,3.6083714464609145,5.773566487793822,LPLC2
287,3.6312230458265944,5.811863051968061,LPLC2
288,3.6303815756814473,5.803607125246025,LPLC2
289,3.6421736061457324,5.823510778498374,LPLC2
290,3.644946435596637,5.831663855951113,LPLC2
291,3.6509230961281034,5.846768316291254,LPLC2
292,3.6710467596515812,5.8621654939780115,LPLC2
293,3.668683501715087,5.864616696650494,LPLC2
294,3.653299944563834,5.844341693113115,LPLC2
295,3.6799326857444754,5.883900650362392,LPLC2
296,3.6603796938185553,5.845870253263719,LPLC2
297,3.6553518761476838,5.839214742161509,LPLC2
298,3.6410880108635695,5.8302170164276745,LPLC2
299,3.677197540536305,5.874216318343919,LPLC2
300,3.703738593642626,5.916506653027781,LPLC2
301,3.6922449673057827,5.896140166881885,LPLC2
302,3.682647342355793,5.878525551573382,LPLC2
303,3.710066651623386,5.91741264479829,LPLC2
304,3.701414907635886,5.914229111029989,LPLC2
305,3.7190048046465165,5.944802568713051,LPLC2
306,3.6944779900984344,5.8955222251265695,LPLC2
307,3.6679176970822596,5.858084852368563,LPLC2
308,3.7070527306500693,5.918625108384525,LPLC2
309,3.7214129843970127,5.934759714257709,LPLC2
310,3.740654049059664,5.966939878703826,LPLC2
311,3.721889294962544,5.9427637888952205,LPLC2
312,3.695653134085589,5.905067219762891,LPLC2
313,3.7661439560302554,6.011564929257823,LPLC2
314,3.7138892515482596,5.922411946481198,LPLC2
315,3.756555100340229,5.996243643775486,LPLC2
316,3.71408745874011,5.92452053262658,LPLC2
317,3.737364109481206,5.969744765199557,LPLC2
318,3.779066956782046,6.026057009842077,LPLC2
319,3.7168264119132743,5.927357363645129,LPLC2
320,3.756570616907723,5.991133861086787,LPLC2
321,3.701009800784469,5.911086905799799,LPLC2
322,3.7533805100628186,5.97580574311759,LPLC2
323,3.806326702925233,6.0620671159111055,LPLC2
324,3.7493695875641464,5.976777716473904,LPLC2
325,3.752588844624107,5.988995067450972,LPLC2
326,3.780877300586326,6.029257557599578,LPLC2
327,3.7238414071030377,5.941984054697265,LPLC2
328,3.7835878464067534,6.0297532661840805,LPLC2
329,3.8046333418634646,6.059757931256797,LPLC2
330,3.7663684088516476,6.004872190972144,LPLC2
331,3.749298789700518,5.978481045317103,LPLC2
332,3.768091711045038,6.00503215725778,LPLC2
333,3.809320604368935,6.0710447866141095,LPLC2
334,3.7981562975920866,6.0518516323803695,LPLC2
335,3.8232460005215074,6.094027524768201,LPLC2
336,3.80415523563083,6.059516754985069,LPLC2
337,3.8233646204583067,6.088986779992766,LPLC2
338,3.803174548193631,6.055985447248069,LPLC2
339,3.8264017874080096,6.093923668794005,LPLC2
340,3.8459842706297565,6.124463822717246,LPLC2
341,3.818757063834063,6.088846558400718,LPLC2
342,3.863201387819899,6.154829242615989,LPLC2
343,3.8505274152621993,6.13220984210777,LPLC2
344,3.8312688746812142,6.106202728824748,LPLC2
345,3.824818631658779,6.0947791890986736,LPLC2
346,3.845897456803243,6.119240961714972,LPLC2
347,3.817959409068777,6.080879378512925,LPLC2
348,3.826697612128683,6.086734881617836,LPLC2
349,3.8462245157216444,6.123601411726845,LPLC2
350,3.875101037012918,6.161927209438531,LPLC2
351,3.813138366312238,6.067439357389219,LPLC2
352,3.8524555022055296,6.131507407079894,LPLC2
353,3.8649683108710278,6.149817643373183,LPLC2
354,3.8755893769799172,6.152323084352275,LPLC2
355,3.8841491188404262,6.18023240701541,LPLC2
356,3.8550333769567686,6.133263333579606,LPLC2
357,3.8747369254132025,6.162751226696024,LPLC2
358,3.90361126870593,6.2097532872763495,LPLC2
359,3.8607215202226044,6.1588263952071856,LPLC2
360,3.8949616701355225,6.201613346659407,LPLC2
361,3.916792673890683,6.218740442544089,LPLC2
362,3.874816790014812,6.17062840298572,LPLC2
363,3.884797531847724,6.182488536684637,LPLC2
364,3.91922714745985,6.232422110784718,LPLC2
365,3.9065795486428883,6.211427842259539,LPLC2
366,3.897872144261619,6.193071220664443,LPLC2
367,3.878792843723751,6.161957897773284,LPLC2
368,3.8891409410085274,6.190455607485518,LPLC2
369,3.909734349844534,6.225748498962858,LPLC2
370,3.9270324962902166,6.245448435743334,LPLC2
371,3.9585210854325297,6.290403489090686,LPLC2
372,3.9400057063377005,6.26555807591626,LPLC2
373,3.920320983708301,6.22546450939722,LPLC2
374,3.9376197992116957,6.262889741498164,LPLC2
375,3.9443378247621084,6.276206318093415,LPLC2
376,3.9515295282088374,6.285494759004763,LPLC2
377,3.9572284925939982,6.288909256091678,LPLC2
378,3.9338942981717793,6.255895441496449,LPLC2
379,3.949718461386162,6.278662568787659,LPLC2
380,3.977589870015727,6.313402462579376,LPLC2
381,3.9314229210212304,6.260471527553683,LPLC2
382,3.9187265961117888,6.217676060929271,LPLC2
383,3.9784603910098255,6.321483566808773,LPLC2
384,3.9607270267375654,6.293117302564774,LPLC2
385,3.9750874192354075,6.314837669895155,LPLC2
386,3.9514497999608977,6.279278511193844,LPLC2
387,3.9712397553964394,6.30810488711905,LPLC2
388,3.9644456061434212,6.296959913742171,LPLC2
389,3.9773047975164886,6.322285000225868,LPLC2
390,3.9494590424616547,6.282578026794695,LPLC2
391,3.995630436317981,6.343943331155955,LPLC2
392,4.006382618494918,6.365095122484554,LPLC2
393,4.003206841996878,6.350305675665076,LPLC2
394,3.9976603247176357,6.348337731116551,LPLC2
395,4.00006080180767,6.355438984553885,LPLC2
396,4.024453845984169,6.393340872410029,LPLC2
397,4.029338831056386,6.395862279297447,LPLC2
398,4.031188163477147,6.397321184385525,LPLC2
399,4.031410657825603,6.397374241826483,LPLC2
400,3.9812279270381765,6.327542332477691,LPLC2
401,3.98197423488255,6.328468001711585,LPLC2
402,4.024223495435564,6.392004657634544,LPLC2
403,4.046480681590104,6.421344005640975,LPLC2
404,4.024465015713048,6.388324070647364,LPLC2
405,4.034960458922434,6.402209861524902,LPLC2
406,4.050809916085875,6.429253949485862,LPLC2
407,4.055638580293191,6.435808881579135,LPLC2
408,4.028931343127532,6.391388889665073,LPLC2
409,4.077556148534981,6.4691427610615975,LPLC2
410,4.061925178060768,6.445890368086381,LPLC2
411,4.071876657181953,6.458227610051644,LPLC2
412,4.031042041343937,6.396035201726832,LPLC2
413,4.09839545024456,6.496100316800124,LPLC2
414,4.015041616909656,6.380225868168871,LPLC2
415,4.019252132584718,6.379183343742689,LPLC2
416,4.003406404715236,6.352960222319872,LPLC2
417,4.069101695934968,6.446771838472209,LPLC2
418,4.082885330067555,6.468880743507704,LPLC2
419,4.108984949552344,6.506631899902196,LPLC2
420,4.097460783650995,6.494322529442762,LPLC2
421,4.110143683632273,6.514880062693074,LPLC2
422,4.084220050572959,6.4767270263397805,LPLC2
423,4.0945258027143865,6.487559889779234,LPLC2
424,4.078933661157407,6.468503904411861,LPLC2
425,4.0778550095629384,6.463553178255651,LPLC2
426,4.072494311566821,6.45838034441789,LPLC2
427,4.09896861702471,6.496264080795598,LPLC2
428,4.106159330520839,6.504065513941548,LPLC2
429,4.117835899119299,6.531424396376714,LPLC2
430,4.080455342110355,6.464131779862186,LPLC2
431,4.120340518645861,6.5234193029132115,LPLC2
432,4.1250215430868025,6.534974273666464,LPLC2
433,4.109856533781759,6.5132632873206475,LPLC2
434,4.106614822461303,6.504327786643813,LPLC2
435,4.0987275986574545,6.4904234795932325,LPLC2
436,4.128177228279306,6.538170892471051,LPLC2
437,4.101059526126541,6.49658625211552,LPLC2
438,4.1235000636727435,6.530140687787117,LPLC2
439,4.131210464104484,6.544224184290201,LPLC2
440,4.137111019769648,6.547892061706449,LPLC2
441,4.127475505189587,6.537147845503881,LPLC2
442,4.113542039571151,6.514321294160126,LPLC2
443,4.137991973720034,6.55349021170769,LPLC2
444,4.1633569763414755,6.5943328112247315,LPLC2
445,4.131109282136634,6.536120773533391,LPLC2
446,4.145363634184477,6.564620356447811,LPLC2
447,4.1244461312954215,6.531936487824815,LPLC2
448,4.17366654205501,6.60902657028484,LPLC2
449,4.152726620115729,6.574715030371948,LPLC2
450,4.161578156283355,6.589067912405525,LPLC2
451,4.167056567899543,6.593162557671754,LPLC2
452,4.17146701489871,6.60399430026775,LPLC2
453,4.160426078884456,6.5875540821207395,LPLC2
454,4.187839753201516,6.62691798962674,LPLC2
455,4.171729336288351,6.605568253571072,LPLC2
456,4.163195977462728,6.59024954974273,LPLC2
457,4.184391259597831,6.616983729913251,LPLC2
458,4.1692872481151895,6.596110758618622,LPLC2
459,4.180590263371911,6.618794411124199,LPLC2
460,4.200116749318006,6.642000549406532,LPLC2
461,4.188052863800962,6.626645467787725,LPLC2
462,4.1642485495558645,6.596484850755154,LPLC2
463,4.195108928228869,6.633922043993287,LPLC2
464,4.188514082815473,6.624821966872354,LPLC2
465,4.178996737476979,6.612945825225886,LPLC2
466,4.194565981998245,6.633824995650173,LPLC2
467,4.213737874532676,6.667783420045403,LPLC2
468,4.193365561346212,6.64125463273669,LPLC2
469,4.206990968095958,6.652806113422045,LPLC2
470,4.198019708880679,6.640078347724263,LPLC2
471,4.215245986561676,6.6631284650252525,LPLC2
472,4.216132662304311,6.668084623753124,LPLC2
473,4.25471394994009,6.726073301610249,LPLC2
474,4.232837749779314,6.700826005565851,LPLC2
475,4.213434813089897,6.6647405995590105,LPLC2
476,4.226722910612729,6.682281596655166,LPLC2
477,4.227255867938247,6.6833001649468216,LPLC2
478,4.209360702932386,6.65926177328042,LPLC2
479,4.229981312259035,6.68795529738675,LPLC2
480,4.218367062130689,6.66936124009905,LPLC2
481,4.243273164905453,6.705401923241531,LPLC2
482,4.229529219433708,6.685005776305431,LPLC2
483,4.235054278540247,6.70149277355204,LPLC2
484,4.244493068829634,6.709817088757852,LPLC2
485,4.254894403767366,6.721667898932971,LPLC2
486,4.253763783634234,6.733033634771232,LPLC2
487,4.253439870464753,6.719352837843083,LPLC2
488,4.249033220823243,6.716550934699789,LPLC2
489,4.276288366416729,6.755079083931562,LPLC2
490,4.247547408319548,6.7135299401307975,LPLC2
491,4.267997941100312,6.740450828964775,LPLC2
492,4.264399881708826,6.736904414752274,LPLC2
493,4.267413932547406,6.736510826553619,LPLC2
494,4.25915880694663,6.726320815558239,LPLC2
495,4.261900226227354,6.735803572249935,LPLC2
496,4.2763648083596735,6.756084525114815,LPLC2
497,4.261449984357839,6.729948627626179,LPLC2
498,4.278921976690945,6.76038338798336,LPLC2
499,4.27647664109432,6.753974176797222,LPLC2
500,4.278673979343608,6.7598907787097815,LPLC2
501,4.27709510413878,6.753242186472399,LPLC2
502,4.269054444471315,6.7446439450768025,LPLC2
503,4.280856397892457,6.761223679419572,LPLC2
504,4.285061822642987,6.770084920029163,LPLC2
505,4.292462586686419,6.781499414644003,LPLC2
506,4.291043036490535,6.7716128435874055,LPLC2
507,4.282474539803715,6.7579522332954625,LPLC2
508,4.318372289686515,6.820989501614861,LPLC2
509,4.3086088229941595,6.8034579647688105,LPLC2
510,4.300891062541069,6.790650604588372,LPLC2
511,4.301632330740709,6.79317374080847,LPLC2
512,4.309039915161399,6.807071890637616,LPLC2
513,4.324665153086535,6.830326312060123,LPLC2
514,4.296634580008565,6.781407335121806,LPLC2
515,4.316960181893066,6.813905853995891,LPLC2
516,4.316190420354623,6.815638245885751,LPLC2
517,4.319359623850154,6.818516805268899,LPLC2
518,4.337953534807788,6.84219533667801,LPLC2
519,4.32987979537333,6.828702199295371,LPLC2
520,4.322244279166149,6.818507035579103,LPLC2
521,4.3316815374870075,6.833372622010636,LPLC2
522,4.338639245669967,6.84324750293068,LPLC2
523,4.33392316770783,6.837738712093156,LPLC2
524,4.310975390096765,6.80340336743393,LPLC2
525,4.337921344188587,6.844044328012643,LPLC2
526,4.323734951476325,6.821386995124932,LPLC2
527,4.353554950631818,6.865875965207273,LPLC2
528,4.343566085443747,6.853750522725903,LPLC2
529,4.343558192259202,6.851463376476666,LPLC2
530,4.348972831452251,6.863628210844432,LPLC2
531,4.347590705940725,6.8549689603788195,LPLC2
532,4.346003861467111,6.848989770069316,LPLC2
533,4.353031612561203,6.864797681600464,LPLC2
534,4.356484798834515,6.865637116423919,LPLC2
535,4.3554809580879095,6.870544320997716,LPLC2
536,4.3618956155917346,6.878003911341665,LPLC2
537,4.360976233797885,6.87484631993609,LPLC2
538,4.346565313186076,6.8530811773540705,LPLC2
539,4.367596452026355,6.8866682006521955,LPLC2
540,4.359585057244082,6.873305076678413,LPLC2
541,4.376571618181394,6.8967327148160535,LPLC2
542,4.376857572998148,6.898822445584862,LPLC2
543,4.385961087964574,6.913695599221072,LPLC2
544,4.366784965999464,6.885170163392999,LPLC2
545,4.3668545148895745,6.883316454757882,LPLC2
546,4.386631138496369,6.913750119961875,LPLC2
547,4.383585339841993,6.913486326059044,LPLC2
548,4.3946754773966745,6.927941739972901,LPLC2
549,4.375693990638098,6.893279216360952,LPLC2
550,4.394685451086957,6.92967917100151,LPLC2
551,4.391832446494369,6.921442029359234,LPLC2
552,4.400993047945732,6.934941445564945,LPLC2
553,4.393905824101985,6.922780979395611,LPLC2
554,4.394964520098746,6.926484678146387,LPLC2
555,4.401175483680127,6.936125221733612,LPLC2
556,4.396390564563845,6.923649918847836,LPLC2
557,4.406722558649847,6.940698814222884,LPLC2
558,4.411457757252499,6.951808214163911,LPLC2
559,4.419853081692764,6.960169689725092,LPLC2
560,4.39942398353449,6.933554134873447,LPLC2
561,4.408949168882643,6.947480557102786,LPLC2
562,4.414848162722109,6.954873944429671,LPLC2
563,4.417476144876176,6.960792893431162,LPLC2
564,4.418847763981574,6.960053605940203,LPLC2
565,4.409897989264387,6.945929179192412,LPLC2
566,4.41701959295002,6.954900461299431,LPLC2
567,4.413751532879203,6.9527645418440756,LPLC2
568,4.418130249119173,6.960101459348522,LPLC2
569,4.42998195421972,6.97647039728713,LPLC2
570,4.436632586038044,6.989504327539592,LPLC2
571,4.437420631187585,6.987253665070035,LPLC2
572,4.419027867088715,6.960362615007405,LPLC2
573,4.435954512786097,6.986349231050006,LPLC2
574,4.426840320070795,6.969315402087034,LPLC2
575,4.4409438571225195,6.99383033748569,LPLC2
576,4.436181114142677,6.987601084166492,LPLC2
577,4.443733804803578,6.999942248179792,LPLC2
578,4.4440064781219775,6.9978490789597885,LPLC2
579,4.451400360582063,7.008863847908415,LPLC2
580,4.460411176132091,7.02038650623642,LPLC2
581,4.447573890796335,7.001715866816454,LPLC2
582,4.447051724193308,7.000516230472236,LPLC2
583,4.457218623493567,7.017269312873779,LPLC2
584,4.463892847126523,7.026593271352233,LPLC2
585,4.456910139705293,7.013212570007305,LPLC2
586,4.463354620945324,7.02583907555902,LPLC2
587,4.462419904478878,7.02553740520127,LPLC2
588,4.464416555123336,7.026148338197402,LPLC2
589,4.459262584011007,7.020182549702135,LPLC2
590,4.4628463986100115,7.026458503345999,LPLC2
591,4.469591744882088,7.0340158424366805,LPLC2
592,4.461559195899831,7.02094800527378,LPLC2
593,4.472009835651029,7.039704289885684,LPLC2
594,4.472553922528853,7.037997428141345,LPLC2
595,4.483515807884288,7.057079562664271,LPLC2
596,4.476893710051954,7.045273992358233,LPLC2
597,4.47572730582759,7.043035186553567,LPLC2
598,4.476027078278108,7.044429806322043,LPLC2
599,4.478912145659834,7.049457080070383,LPLC2
600,4.479259980846926,7.049074893154611,LPLC2
601,4.492046113296503,7.067339650640307,LPLC2
602,4.487496458216619,7.059313489956246,LPLC2
603,4.492370508111669,7.068089599344724,LPLC2
604,4.499406052491366,7.078973726883291,LPLC2
605,4.491965962504928,7.066240640822031,LPLC2
606,4.49748896950571,7.07562838613341,LPLC2
607,4.49813360994883,7.076946546844155,LPLC2
608,4.5027437019406875,7.082302573184229,LPLC2
609,4.497969146590549,7.074932461668304,LPLC2
610,4.504757001622309,7.085062828508981,LPLC2
611,4.50622455111278,7.087272076985329,LPLC2
612,4.508082490327219,7.090751551357712,LPLC2
613,4.509648921119243,7.09273880587854,LPLC2
614,4.511306878740655,7.094857351594129,LPLC2
615,4.512174481791909,7.096086461550605,LPLC2
