Group1,Bin1,n1,Group2,Bin2,n2,Levene_Stat,p_value
LC4,1.24-1.66,4,LC4,1.66-2.07,28,0.45711984722217847,0.5041524467714538
LC4,1.24-1.66,4,LC4,2.07-2.49,21,1.794092864774891,0.19351477497861172
LC4,1.24-1.66,4,LPLC2,0.00-0.41,17,3.5740185828126063,0.07404153631335951
LC4,1.24-1.66,4,LPLC2,0.41-0.83,12,0.015734062794735174,0.9019622443525829
LC4,1.24-1.66,4,LPLC2,0.83-1.24,3,0.27457557469104504,0.6226680257230395
LC4,1.24-1.66,4,LPLC2,1.24-1.66,15,2.120576697586654,0.1635527570956
LC4,1.24-1.66,4,LPLC2,1.66-2.07,48,1.3928118540631547,0.24351518476354964
LC4,1.24-1.66,4,LPLC2,2.07-2.49,8,0.671726474448164,0.43155062651276715
LC4,1.24-1.66,4,Random+Close,0.00-0.41,1865,6.562258933902113,0.0104943151626442
LC4,1.24-1.66,4,Random+Close,0.41-0.83,1111,5.382595019014872,0.020518764289795124
LC4,1.24-1.66,4,Random+Close,0.83-1.24,1578,8.114318358758347,0.004448576841240195
LC4,1.24-1.66,4,Random+Close,1.24-1.66,2209,3.6771827532072265,0.05529068864525135
LC4,1.24-1.66,4,Random+Close,1.66-2.07,2838,2.6343536204054563,0.10468559875524912
LC4,1.24-1.66,4,Random+Close,2.07-2.49,2745,2.594520663136665,0.10734876671122463
LC4,1.24-1.66,4,Random+Close,2.49-2.90,433,1.7749583472593664,0.1834671531201317
LC4,1.66-2.07,28,LC4,2.07-2.49,21,1.0239298545172206,0.3167698080681532
LC4,1.66-2.07,28,LPLC2,0.00-0.41,17,10.108292930878706,0.002736045311835784
LC4,1.66-2.07,28,LPLC2,0.41-0.83,12,0.740051237707505,0.3950397132892327
LC4,1.66-2.07,28,LPLC2,0.83-1.24,3,0.01254014460904613,0.91160858128401
LC4,1.66-2.07,28,LPLC2,1.24-1.66,15,4.046751990364088,0.05086003516589296
LC4,1.66-2.07,28,LPLC2,1.66-2.07,48,2.556644663564611,0.11409280152249934
LC4,1.66-2.07,28,LPLC2,2.07-2.49,8,0.15808253245658918,0.6934133788199899
LC4,1.66-2.07,28,Random+Close,0.00-0.41,1865,41.60383030222484,1.4156787082065238e-10
LC4,1.66-2.07,28,Random+Close,0.41-0.83,1111,32.147871453939516,1.810489377236554e-08
LC4,1.66-2.07,28,Random+Close,0.83-1.24,1578,48.47196897544938,4.868704911244794e-12
LC4,1.66-2.07,28,Random+Close,1.24-1.66,2209,21.359233485747712,4.024661292834123e-06
LC4,1.66-2.07,28,Random+Close,1.66-2.07,2838,14.208534864110755,0.00016692944165537074
LC4,1.66-2.07,28,Random+Close,2.07-2.49,2745,12.692721547138419,0.0003732713756746022
LC4,1.66-2.07,28,Random+Close,2.49-2.90,433,3.7564564055740943,0.053216796488444275
LC4,2.07-2.49,21,LPLC2,0.00-0.41,17,5.304067773765821,0.027162331773814188
LC4,2.07-2.49,21,LPLC2,0.41-0.83,12,3.0428699059236086,0.09100150227526672
LC4,2.07-2.49,21,LPLC2,0.83-1.24,3,0.11721223967397948,0.7353271955863263
LC4,2.07-2.49,21,LPLC2,1.24-1.66,15,1.46568330888688,0.23437690669898892
LC4,2.07-2.49,21,LPLC2,1.66-2.07,48,0.35196043004689087,0.5550029325882966
LC4,2.07-2.49,21,LPLC2,2.07-2.49,8,0.07746680343734762,0.7828806010297484
LC4,2.07-2.49,21,Random+Close,0.00-0.41,1865,28.68889577071939,9.540228808416763e-08
LC4,2.07-2.49,21,Random+Close,0.41-0.83,1111,21.01476194922128,5.065004761705911e-06
LC4,2.07-2.49,21,Random+Close,0.83-1.24,1578,31.69554933573513,2.1266799835492798e-08
LC4,2.07-2.49,21,Random+Close,1.24-1.66,2209,13.580147459244602,0.00023404419381181744
LC4,2.07-2.49,21,Random+Close,1.66-2.07,2838,8.383223099815323,0.0038157410287858484
LC4,2.07-2.49,21,Random+Close,2.07-2.49,2745,6.731906054098217,0.009520379526314912
LC4,2.07-2.49,21,Random+Close,2.49-2.90,433,0.37966647745695503,0.5380919607565666
LPLC2,0.00-0.41,17,LPLC2,0.41-0.83,12,8.630413737959742,0.006689068548579344
LPLC2,0.00-0.41,17,LPLC2,0.83-1.24,3,1.3146758270465657,0.26656374534272576
LPLC2,0.00-0.41,17,LPLC2,1.24-1.66,15,0.765482152046117,0.38856935908907564
LPLC2,0.00-0.41,17,LPLC2,1.66-2.07,48,3.596997393053168,0.062471014331402085
LPLC2,0.00-0.41,17,LPLC2,2.07-2.49,8,2.7509870707217927,0.11077149784964187
LPLC2,0.00-0.41,17,Random+Close,0.00-0.41,1865,16.831339031071263,4.2597587124121306e-05
LPLC2,0.00-0.41,17,Random+Close,0.41-0.83,1111,9.634799919903395,0.001956872024888749
LPLC2,0.00-0.41,17,Random+Close,0.83-1.24,1578,14.549847411553532,0.00014171117333372672
LPLC2,0.00-0.41,17,Random+Close,1.24-1.66,2209,5.41395616963928,0.020065787742248296
LPLC2,0.00-0.41,17,Random+Close,1.66-2.07,2838,2.1198854383486987,0.14550744990998452
LPLC2,0.00-0.41,17,Random+Close,2.07-2.49,2745,0.6493446963086795,0.42041648496391215
LPLC2,0.00-0.41,17,Random+Close,2.49-2.90,433,7.46320999947551,0.00654606305271606
LPLC2,0.41-0.83,12,LPLC2,0.83-1.24,3,0.293872784100156,0.5969195667835498
LPLC2,0.41-0.83,12,LPLC2,1.24-1.66,15,4.677837417074916,0.04031794446097696
LPLC2,0.41-0.83,12,LPLC2,1.66-2.07,48,3.3239851361848585,0.07343091240634717
LPLC2,0.41-0.83,12,LPLC2,2.07-2.49,8,0.9542802470115073,0.34157938225508305
LPLC2,0.41-0.83,12,Random+Close,0.00-0.41,1865,19.368449918076433,1.138347427190774e-05
LPLC2,0.41-0.83,12,Random+Close,0.41-0.83,1111,15.734474296757902,7.750861594207504e-05
LPLC2,0.41-0.83,12,Random+Close,0.83-1.24,1578,23.72014946317177,1.2251316174940239e-06
LPLC2,0.41-0.83,12,Random+Close,1.24-1.66,2209,10.703986546601204,0.0010854344503416654
LPLC2,0.41-0.83,12,Random+Close,1.66-2.07,2838,7.582209776440122,0.005932126203791948
LPLC2,0.41-0.83,12,Random+Close,2.07-2.49,2745,7.360490016603122,0.006708732793301196
LPLC2,0.41-0.83,12,Random+Close,2.49-2.90,433,4.511243162551257,0.03422618504858391
LPLC2,0.83-1.24,3,LPLC2,1.24-1.66,15,0.5345355402643782,0.4752780217228856
LPLC2,0.83-1.24,3,LPLC2,1.66-2.07,48,0.24056698272412994,0.6259861795945616
LPLC2,0.83-1.24,3,LPLC2,2.07-2.49,8,0.011657345540692893,0.9163888378432778
LPLC2,0.83-1.24,3,Random+Close,0.00-0.41,1865,4.366121051353627,0.03679548343221564
LPLC2,0.83-1.24,3,Random+Close,0.41-0.83,1111,3.332618161514597,0.06818677996829811
LPLC2,0.83-1.24,3,Random+Close,0.83-1.24,1578,5.02565514622002,0.025112872182261308
LPLC2,0.83-1.24,3,Random+Close,1.24-1.66,2209,2.19824142617306,0.1383108640996935
LPLC2,0.83-1.24,3,Random+Close,1.66-2.07,2838,1.4368188462556577,0.23075485998653283
LPLC2,0.83-1.24,3,Random+Close,2.07-2.49,2745,1.2533618853719983,0.26300925900690786
LPLC2,0.83-1.24,3,Random+Close,2.49-2.90,433,0.2928911558723463,0.5886514182028314
LPLC2,1.24-1.66,15,LPLC2,1.66-2.07,48,0.48382381743692354,0.48933691909655197
LPLC2,1.24-1.66,15,LPLC2,2.07-2.49,8,0.9583847325439372,0.3387383624628154
LPLC2,1.24-1.66,15,Random+Close,0.00-0.41,1865,17.572299889140027,2.8943949443350536e-05
LPLC2,1.24-1.66,15,Random+Close,0.41-0.83,1111,11.541054855057666,0.0007045882743537674
LPLC2,1.24-1.66,15,Random+Close,0.83-1.24,1578,17.415997071996873,3.165228544900987e-05
LPLC2,1.24-1.66,15,Random+Close,1.24-1.66,2209,7.03494160425026,0.008050306921396758
LPLC2,1.24-1.66,15,Random+Close,1.66-2.07,2838,3.6481173448329742,0.056232872691107355
LPLC2,1.24-1.66,15,Random+Close,2.07-2.49,2745,2.1853588656756675,0.13944277571470354
LPLC2,1.24-1.66,15,Random+Close,2.49-2.90,433,1.0620161919999789,0.3033143108906454
LPLC2,1.66-2.07,48,LPLC2,2.07-2.49,8,0.3584297391105402,0.5518828657619488
LPLC2,1.66-2.07,48,Random+Close,0.00-0.41,1865,61.65135037293194,6.776825327080482e-15
LPLC2,1.66-2.07,48,Random+Close,0.41-0.83,1111,43.214947499928776,7.404229619863856e-11
LPLC2,1.66-2.07,48,Random+Close,0.83-1.24,1578,65.17589235907168,1.3207182628293613e-15
LPLC2,1.66-2.07,48,Random+Close,1.24-1.66,2209,27.386736218887528,1.8197146992190117e-07
LPLC2,1.66-2.07,48,Random+Close,1.66-2.07,2838,15.889551573676778,6.881359623282177e-05
LPLC2,1.66-2.07,48,Random+Close,2.07-2.49,2745,11.567957534707904,0.0006804201498566588
LPLC2,1.66-2.07,48,Random+Close,2.49-2.90,433,0.03435674820205039,0.8530284849581065
LPLC2,2.07-2.49,8,Random+Close,0.00-0.41,1865,11.317285170856543,0.000783389069896188
LPLC2,2.07-2.49,8,Random+Close,0.41-0.83,1111,8.482614481078762,0.003656886838388064
LPLC2,2.07-2.49,8,Random+Close,0.83-1.24,1578,12.792848501166763,0.000358406597192723
LPLC2,2.07-2.49,8,Random+Close,1.24-1.66,2209,5.545180155826591,0.018618464322765167
LPLC2,2.07-2.49,8,Random+Close,1.66-2.07,2838,3.5357748846399684,0.06016038124196138
LPLC2,2.07-2.49,8,Random+Close,2.07-2.49,2745,2.9777250477115214,0.08453014576929099
LPLC2,2.07-2.49,8,Random+Close,2.49-2.90,433,0.42900136878152817,0.5128224064568372
Random+Close,0.00-0.41,1865,Random+Close,0.41-0.83,1111,186.33599683652625,3.406527282526424e-41
Random+Close,0.00-0.41,1865,Random+Close,0.83-1.24,1578,266.32320928924156,1.0028871902605974e-57
Random+Close,0.00-0.41,1865,Random+Close,1.24-1.66,2209,468.80877191090866,1.71614672058526e-98
Random+Close,0.00-0.41,1865,Random+Close,1.66-2.07,2838,1072.8862267000563,3.8282930979400125e-212
Random+Close,0.00-0.41,1865,Random+Close,2.07-2.49,2745,1696.2316422665212,5.43510253e-316
Random+Close,0.00-0.41,1865,Random+Close,2.49-2.90,433,557.3068967981785,1.701841678903652e-110
Random+Close,0.41-0.83,1111,Random+Close,0.83-1.24,1578,0.0033858179546805848,0.9536033796168896
Random+Close,0.41-0.83,1111,Random+Close,1.24-1.66,2209,20.948412731289245,4.891227738860378e-06
Random+Close,0.41-0.83,1111,Random+Close,1.66-2.07,2838,183.14859557341984,7.997083511892961e-41
Random+Close,0.41-0.83,1111,Random+Close,2.07-2.49,2745,509.1210575280418,5.459285647075972e-106
Random+Close,0.41-0.83,1111,Random+Close,2.49-2.90,433,385.6312645114788,8.235946935986619e-77
Random+Close,0.83-1.24,1578,Random+Close,1.24-1.66,2209,31.005627891361424,2.7515912711280633e-08
Random+Close,0.83-1.24,1578,Random+Close,1.66-2.07,2838,267.36163037585635,2.1530335474919927e-58
Random+Close,0.83-1.24,1578,Random+Close,2.07-2.49,2745,747.1431847655439,7.12979318752535e-152
Random+Close,0.83-1.24,1578,Random+Close,2.49-2.90,433,580.5139204172916,6.917816063128712e-113
Random+Close,1.24-1.66,2209,Random+Close,1.66-2.07,2838,98.93233739594326,4.2581941444236997e-23
Random+Close,1.24-1.66,2209,Random+Close,2.07-2.49,2745,347.0693092865092,6.365359712865337e-75
Random+Close,1.24-1.66,2209,Random+Close,2.49-2.90,433,249.05971627232884,1.0969250642133463e-53
Random+Close,1.66-2.07,2838,Random+Close,2.07-2.49,2745,75.59217355341784,4.524574509424942e-18
Random+Close,1.66-2.07,2838,Random+Close,2.49-2.90,433,146.05623314240765,6.289302458530703e-33
Random+Close,2.07-2.49,2745,Random+Close,2.49-2.90,433,107.01587337732123,1.0842780720299364e-24
