k,trial,seed_id,syn_count,deflection_siz,deflection_soma,group_size
1,1,720575940628454522,56,4.67715910765034,2.8368876934611507,2
1,2,720575940618807105,56,4.687611705639512,2.742796864467934,2
1,3,720575940630851036,36,3.0653681534832202,1.7562605061801122,2
1,4,720575940625038090,64,5.350541517155733,3.148118754390566,2
1,5,720575940618676440,52,4.180433675915751,2.684338129013071,2
1,6,720575940633580384,46,3.8439396573860023,2.3073830309871965,2
1,7,720575940617266722,55,4.526270874323771,2.7733495814891143,2
1,8,720575940625934973,61,5.128490087604831,3.1445352641363513,2
1,9,720575940615053580,28,2.5068816364991875,1.4505194757812916,2
1,10,720575940615462587,45,3.712734415616154,2.1903376070814176,2
2,1,720575940631338271,70,5.599498238398212,3.400818662006685,3
2,2,720575940615053580,62,4.971476586142302,2.9355420385705315,3
2,3,720575940610522009,83,6.497961160277825,4.004933697307692,3
2,4,720575940625991043,87,7.344226440159005,4.359526335411857,3
2,5,720575940628064260,62,5.310202714087438,3.16094674677025,3
2,6,720575940617266722,79,6.251308824050952,3.799636634941038,3
2,7,720575940625038090,86,6.836552684128947,4.070459224035517,3
2,8,720575940616713355,65,5.103476050254173,3.0464423729472117,3
2,9,720575940605598892,82,6.578245409869467,4.086998233039395,3
2,10,720575940628699560,90,6.536211104285314,4.117407864509644,3
3,1,720575940614572742,121,8.679022555360888,5.204280040399894,4
3,2,720575940613260959,95,7.766784785983845,4.6631341128406945,4
3,3,720575940630484495,114,8.253014707069013,5.120324123139326,4
3,4,720575940615462587,91,6.984041245961961,4.155397716225792,4
3,5,720575940622531767,88,6.6845507394235995,3.9741894405647713,4
3,6,720575940630851036,89,7.007642791709642,4.089947706003372,4
3,7,720575940618002644,102,7.832229499665843,4.862266380772439,4
3,8,720575940628081541,112,8.921108606452435,5.308901748492801,4
3,9,720575940628454522,116,,,4
3,10,720575940628064260,86,6.990660524237313,4.165168110393054,4
4,1,720575940627519107,147,10.046915341875732,6.39005512655207,5
4,2,720575940616713355,112,8.213926878248813,4.951989934745427,5
4,3,720575940622939836,118,8.601411333283195,5.134558101400273,5
4,4,720575940624017251,131,9.03096346317298,5.392302662655894,5
4,5,720575940613256863,130,9.93980509642357,5.86876377772802,5
4,6,720575940617026260,132,9.20937054356132,5.600929695619229,5
4,7,720575940625038090,146,10.6097409234619,6.317821886546568,5
4,8,720575940640612480,136,9.512992713661973,5.916335655307023,5
4,9,720575940630484495,128,9.077753079537288,5.590291039247447,5
4,10,720575940618807105,113,8.425865924043507,4.974763814413038,5
5,1,720575940615053580,139,9.670258661377133,5.7369081749220925,6
5,2,720575940622108001,171,11.73416799763612,7.069798008869142,6
5,3,720575940615575007,141,10.249588337629405,6.198520527639914,6
5,4,720575940627519107,176,11.549514704336417,7.3002674727013925,6
5,5,720575940626626895,161,10.848691658001428,6.5208524530488745,6
5,6,720575940625038090,168,11.778718470557052,7.021553819339914,6
5,7,720575940630998339,146,9.675687602023899,5.882659416928178,6
5,8,720575940628454522,163,11.444536248628339,6.8961904297240295,6
5,9,720575940618723749,161,10.626147001595768,6.371436048429061,6
5,10,720575940615462587,153,10.493978034749048,6.248965789403854,6
6,1,720575940629753807,157,10.617402633417981,6.382334988567251,7
6,2,720575940611134833,209,12.966810202646116,7.7765123013362825,7
6,3,720575940618312606,169,11.174555904127843,6.71832781908175,7
6,4,720575940625991043,185,12.72992304504649,7.6368549284639045,7
6,5,720575940618676440,202,12.763300256568058,8.03851524145226,7
6,6,720575940618807105,172,11.152725799645197,6.672735458425606,7
6,7,720575940614572742,214,13.482478767167287,8.11592696074446,7
6,8,720575940633580384,183,11.636928215484673,7.119091848002782,7
6,9,720575940628454522,192,12.651664709034037,7.630219414001459,7
6,10,720575940620795728,169,11.448374882595871,6.880501691155473,7
7,1,720575940630851036,175,11.55808778656585,6.875183146841181,8
7,2,720575940632769180,190,11.911039371980323,7.164609225126824,8
7,3,720575940618676440,227,13.753178223043427,8.624631495663792,8
7,4,720575940624017251,200,12.300845658816996,7.371161933113157,8
7,5,720575940625038090,227,14.079273749032588,8.46133824654919,8
7,6,720575940620903551,201,13.01780979055485,7.868268595463945,8
7,7,720575940619397542,176,11.533756603449604,6.9564746548913945,8
7,8,720575940625991043,207,13.714853546447834,8.208062621863235,8
7,9,720575940649229433,216,14.302400052770281,8.566881438888458,8
7,10,720575940618002644,205,12.451793715619843,7.69847610042315,8
8,1,720575940630851036,206,12.9043514674389,7.746417518365348,9
8,2,720575940619397542,198,12.604062377468168,7.603535132412333,9
8,3,720575940620795728,210,13.587684890239068,8.144039242051079,9
8,4,720575940630998339,233,13.849808881697001,8.624983047872036,9
8,5,720575940634517856,211,12.926448014925555,7.8452217197015415,9
8,6,720575940626626895,249,14.682269539343416,8.84840654421508,9
8,7,720575940626605200,190,12.019061490778242,7.22067219097552,9
8,8,720575940615575007,208,13.485187122179944,8.17575125258307,9
8,9,720575940638456227,214,13.016115356422276,7.8199281473449105,9
8,10,720575940617176321,274,14.825727755768234,9.307841560823618,9
9,1,720575940618676440,278,15.482010846261275,9.709593187950063,10
9,2,720575940612518055,292,15.7597983491833,9.866094692943676,10
9,3,720575940632769180,235,14.085434846973655,8.444765806484767,10
9,4,720575940617266722,226,13.898033157063011,8.431588101501035,10
9,5,720575940611134833,280,15.961615675428305,9.56863636986229,10
9,6,720575940618312606,253,14.78376586879466,8.951630399437619,10
9,7,720575940631338271,244,14.32664619787321,8.690849842085953,10
9,8,720575940626605200,214,13.364303499568862,8.007838357936777,10
9,9,720575940614914107,238,14.801790242074993,8.85369187799931,10
9,10,720575940613256863,237,14.56649984629469,8.719427588281206,10
