dataset,neuron,region,gap,synapse_count,surface_area_um2,density_syn_per_um2
FAFB,DNp01,LC4,0,1401,2191.9033,0.6391705327511483
FAFB,DNp01,LPLC2,0,615,279.915,2.1970955468624402
FAFB,DNp03,LC4,0,712,768.712,0.9262246459011958
FAFB,DNp03,LC22,0,190,219.652,0.86500464370914
FAFB,DNp03,LPLC1,0,1269,1216.482,1.0431720321385767
FAFB,DNp03,LPLC4,0,1103,881.192,1.2517135879581294
FAFB,DNp03,LPLC2,0,14,31.142,0.44955365744011305
Hemibrain,DNp01,LC4,0,2276,4069.511812919178,0.5592808436566153
Hemibrain,DNp01,LPLC2,0,1471,1033.0515233120038,1.423936722230384
Hemibrain,DNp03,LC4,0,1000,624.1071655186298,1.6022889260837203
Hemibrain,DNp03,LC22,0,12,7.683389844974828,1.5618106385488648
Hemibrain,DNp03,LPLC1,0,1375,571.300931117936,2.4067876054557895
Hemibrain,DNp03,LPLC4,0,1006,456.9673493109073,2.201470195883835
Hemibrain,DNp03,LPLC2,0,0,0.0,0.0
FAFB,DNp01,LC4,1,1401,2317.822,0.6044467607952638
FAFB,DNp01,LPLC2,1,615,297.549,2.06688646239779
FAFB,DNp03,LC4,1,712,846.996,0.8406179013832416
FAFB,DNp03,LC22,1,190,233.318,0.8143392280064118
FAFB,DNp03,LPLC1,1,1269,1377.142,0.921473602576931
FAFB,DNp03,LPLC4,1,1103,984.014,1.1209190113148797
FAFB,DNp03,LPLC2,1,14,31.846,0.4396156503171513
Hemibrain,DNp01,LC4,1,2276,4282.966550454949,0.5314073722472188
Hemibrain,DNp01,LPLC2,1,1471,1067.516037281448,1.377965247010312
Hemibrain,DNp03,LC4,1,1000,719.9430074710078,1.3889988368840016
Hemibrain,DNp03,LC22,1,12,8.018816530641567,1.4964801793563305
Hemibrain,DNp03,LPLC1,1,1375,726.9734987816724,1.891403197371498
Hemibrain,DNp03,LPLC4,1,1006,513.9160920433771,1.9575179987068558
Hemibrain,DNp03,LPLC2,1,0,0.0,0.0
FAFB,DNp01,LC4,2,1401,2402.43,0.5831595509546584
FAFB,DNp01,LPLC2,2,615,298.69,2.05899092704811
FAFB,DNp03,LC4,2,712,922.976,0.7714176749991333
FAFB,DNp03,LC22,2,190,261.262,0.727239322978466
FAFB,DNp03,LPLC1,2,1269,1499.105,0.8465050813652145
FAFB,DNp03,LPLC4,2,1103,1045.567,1.0549300044856045
FAFB,DNp03,LPLC2,2,14,31.846,0.4396156503171513
Hemibrain,DNp01,LC4,2,2276,4359.165045348288,0.5221183360397753
Hemibrain,DNp01,LPLC2,2,1471,1204.044803113463,1.2217153350076628
Hemibrain,DNp03,LC4,2,1000,786.4483028460771,1.2715393960176413
Hemibrain,DNp03,LC22,2,12,8.018816530641567,1.4964801793563305
Hemibrain,DNp03,LPLC1,2,1375,794.9432694347323,1.7296831772382122
Hemibrain,DNp03,LPLC4,2,1006,555.5588012388206,1.8107894209519437
Hemibrain,DNp03,LPLC2,2,0,0.0,0.0
FAFB,DNp01,LC4,3,1401,2435.508,0.5752393340526905
FAFB,DNp01,LPLC2,3,615,298.69,2.05899092704811
FAFB,DNp03,LC4,3,712,980.662,0.7260401647050666
FAFB,DNp03,LC22,3,190,275.238,0.6903116575472863
FAFB,DNp03,LPLC1,3,1269,1617.578,0.7845062185563849
FAFB,DNp03,LPLC4,3,1103,1101.629,1.001244520614472
FAFB,DNp03,LPLC2,3,14,31.846,0.4396156503171513
Hemibrain,DNp01,LC4,3,2276,4565.127390189379,0.4985622098719972
Hemibrain,DNp01,LPLC2,3,1471,1204.044803113463,1.2217153350076628
Hemibrain,DNp03,LC4,3,1000,829.2614310965629,1.2058923308149798
Hemibrain,DNp03,LC22,3,12,8.57523828427733,1.399378023349154
Hemibrain,DNp03,LPLC1,3,1375,846.7839497729068,1.6237908150818776
Hemibrain,DNp03,LPLC4,3,1006,600.5765066138594,1.6750571974118322
Hemibrain,DNp03,LPLC2,3,0,0.0,0.0
FAFB,DNp01,LC4,5,1401,2494.512,0.5616328965344725
FAFB,DNp01,LPLC2,5,615,320.496,1.9189007039089412
FAFB,DNp03,LC4,5,712,1033.397,0.6889898074021892
FAFB,DNp03,LC22,5,190,302.793,0.6274913885063393
FAFB,DNp03,LPLC1,5,1269,1784.122,0.7112742290045188
FAFB,DNp03,LPLC4,5,1103,1139.075,0.9683295656563439
FAFB,DNp03,LPLC2,5,14,38.404,0.3645453598583481
Hemibrain,DNp01,LC4,5,2276,4650.061220908717,0.48945592151907696
Hemibrain,DNp01,LPLC2,5,1471,1469.2485644232079,1.0011920621324408
Hemibrain,DNp03,LC4,5,1000,859.0808032094642,1.164034857098508
Hemibrain,DNp03,LC22,5,12,8.57523828427733,1.399378023349154
Hemibrain,DNp03,LPLC1,5,1375,965.6978667352806,1.4238407760477307
Hemibrain,DNp03,LPLC4,5,1006,668.8605531745524,1.5040504260945173
Hemibrain,DNp03,LPLC2,5,0,0.0,0.0
FAFB,DNp01,LC4,10,1401,2592.412,0.54042335863281
FAFB,DNp01,LPLC2,10,615,326.149,1.8856412253295274
FAFB,DNp03,LC4,10,712,1093.706,0.650997617275575
FAFB,DNp03,LC22,10,190,381.8,0.4976427448926139
FAFB,DNp03,LPLC1,10,1269,1982.7,0.640036314117113
FAFB,DNp03,LPLC4,10,1103,1250.313,0.8821791023527707
FAFB,DNp03,LPLC2,10,14,38.404,0.3645453598583481
Hemibrain,DNp01,LC4,10,2276,4767.9772272870705,0.4773512731928505
Hemibrain,DNp01,LPLC2,10,1471,1567.6714973928931,0.9383343401001664
Hemibrain,DNp03,LC4,10,1000,939.7238589980507,1.0641423971784825
Hemibrain,DNp03,LC22,10,12,8.57523828427733,1.399378023349154
Hemibrain,DNp03,LPLC1,10,1375,1066.2787968080386,1.2895314097177346
Hemibrain,DNp03,LPLC4,10,1006,845.7731013148197,1.1894443065594014
Hemibrain,DNp03,LPLC2,10,0,0.0,0.0
FAFB,DNp01,LC4,15,1401,2669.618,0.5247941840368172
FAFB,DNp01,LPLC2,15,615,370.633,1.6593233737956417
FAFB,DNp03,LC4,15,712,1199.664,0.5934995131970285
FAFB,DNp03,LC22,15,190,398.352,0.47696509619632893
FAFB,DNp03,LPLC1,15,1269,2247.848,0.5645399510998964
FAFB,DNp03,LPLC4,15,1103,1312.374,0.8404616366980754
FAFB,DNp03,LPLC2,15,14,38.404,0.3645453598583481
Hemibrain,DNp01,LC4,15,2276,4861.093247981264,0.4682074348080419
Hemibrain,DNp01,LPLC2,15,1471,1567.6714973928931,0.9383343401001664
Hemibrain,DNp03,LC4,15,1000,1003.3511017075788,0.9966600906682859
Hemibrain,DNp03,LC22,15,12,8.57523828427733,1.399378023349154
Hemibrain,DNp03,LPLC1,15,1375,1146.1459822514814,1.199672660631728
Hemibrain,DNp03,LPLC4,15,1006,873.7227517049608,1.1513949911878987
Hemibrain,DNp03,LPLC2,15,0,0.0,0.0
