Synct,Peak_Depol_SIZ,Peak_Depol_SOMA,avg_dist_to_SIZ,Avg_syn_spread,Type
2,0.33156188470263714,0.1872731344136298,113.87359673773386,11.023325298908134,LC22
2,0.34213242205385086,0.19293767365171277,93.93103255601399,18.316702500487683,LC22
2,0.3376010450249112,0.19053069039183868,100.70511665444639,15.137371247051039,LC22
2,0.33725081113686883,0.19034821735588991,100.37293533726219,14.473008612682662,LC22
2,0.33324124778691555,0.18816594654521168,105.44418180683263,15.824135061973026,LC22
2,0.336570449037481,0.1899914543945158,102.51158440794498,18.750306754048246,LC22
2,0.3420635420556124,0.19289419227456506,94.29478181752059,19.044201023500886,LC22
2,0.34187901325545056,0.19279290630757373,93.71254244664465,17.879722281749,LC22
2,0.3411218331117425,0.19240135731598684,95.65979111853449,16.04250646204674,LC22
2,0.34262459011331714,0.19319492973872343,93.59155611224604,17.637749612951787,LC22
2,0.34018837527506207,0.19189804594654447,97.87640700086999,18.05204140065239,LC22
2,0.33978149303004557,0.19168171389578958,98.04845101997373,18.396129438859884,LC22
2,0.34209888927543375,0.19291831076854749,93.87210972452914,12.467143674036029,LC22
2,0.3398985811871853,0.1917469424919318,98.59706422368139,19.493355846275204,LC22
2,0.34018546114492665,0.1918972616550576,98.00731214385786,18.313851686628166,LC22
2,0.34026176785060613,0.19193771611354293,97.83417477357506,17.96757694606253,LC22
2,0.33439947797570824,0.18878019004364432,109.7682405661559,17.706706492167633,LC22
2,0.3371976402365675,0.19031890501770476,101.88948575471387,17.506109447586034,LC22
2,0.3446256996130188,0.19427971901220076,86.71413883734894,19.833982743328573,LC22
2,0.33750462120390523,0.19047911717348143,101.11785912031259,15.962856178783461,LC22
2,0.34152249971977255,0.1926113180556399,95.06735818242394,14.857640589825646,LC22
2,0.3421041450357052,0.1929132976963075,93.71179644046867,17.878230269397076,LC22
2,0.33991876671882437,0.19175745841036473,97.95084529392673,18.2009179867659,LC22
2,0.3334031396415611,0.18824748272940894,105.53445866650347,11.496452863574694,LC22
2,0.3346074648781183,0.18889086949343437,109.36599047890996,16.90220631767573,LC22
2,0.3426296454774729,0.1931919458703817,92.9020031682164,16.25864372489251,LC22
2,0.3333009816146699,0.18828769115752664,105.08028978518476,11.163944435331436,LC22
2,0.34068556521278026,0.19215969876903216,96.78967928516028,15.878585969232969,LC22
2,0.341322396184907,0.19250729985317605,95.08297226592896,14.888868756835658,LC22
2,0.34229723425556813,0.19302307219334125,93.0699958266121,10.86291587820196,LC22
2,0.33707918979817464,0.19025742435364634,100.79306036242113,15.313258663000553,LC22
2,0.3424563955465203,0.19310994354063382,93.1354488269015,10.993821878780746,LC22
2,0.3369886241185469,0.19020929134731546,102.41509563060559,18.557329199369477,LC22
2,0.34111654642310896,0.1923983125178097,95.69056952953522,16.10406328404822,LC22
2,0.3415858001903729,0.19263619413899846,94.24084347224489,18.936324332949496,LC22
2,0.3375768508706898,0.19051660985134333,101.14219878490651,16.01153550797131,LC22
2,0.34149196658077585,0.1925964091972645,94.86037569119097,14.443675607359692,LC22
2,0.34146225491384996,0.1925700167844724,94.71897522518442,19.892587838828565,LC22
2,0.33663304409354566,0.19002350565095583,102.18511773028166,18.09737339872163,LC22
2,0.34110468206421274,0.1923904837464363,96.27244293375166,17.26781009248109,LC22
2,0.33728287617552155,0.19036477592206325,100.61094264152695,14.949023221212192,LC22
2,0.3415448435680162,0.19262792884239843,94.55815450743978,13.839233239857334,LC22
2,0.34047225901657896,0.19206165992477509,96.73219027626368,18.187304777505105,LC22
2,0.34139686649869816,0.1925506032849711,94.57826069036938,13.879445605716496,LC22
2,0.3419362589414163,0.19283317751258267,93.90700353334994,12.536931291677625,LC22
2,0.33750906243653844,0.1904815905867565,101.1269720415506,15.981082021259493,LC22
2,0.3406115335146609,0.1921209577018459,96.79283757321733,15.884902545347114,LC22
2,0.34188609293909167,0.19280773212955182,93.26515580278554,11.253235830548842,LC22
2,0.3457909626166611,0.19489442178807792,86.54078093315962,18.601169224732377,LC22
2,0.3401356539087459,0.1918789311609146,95.27219233772631,10.126954121696942,LC22
2,0.336542820988484,0.18996325628963007,112.67275871377286,17.840828433976604,LC4
2,0.33851504092775997,0.19108645309070482,110.43484516735109,18.204670192560894,LC4
2,0.33952094972278246,0.19161299110135133,108.76107890973893,17.105270136970706,LC4
2,0.3419559073665823,0.19289668401711424,100.04928741041628,18.171458363417056,LC4
2,0.3373257987885978,0.19039546822050113,110.81467956412851,11.998118156400878,LC4
2,0.3353126823805326,0.18933053406543365,116.11455595340776,18.0986602802036,LC4
2,0.34241760510376196,0.19314250407983025,100.06445919474544,18.201801932075366,LC4
2,0.33142492873409424,0.18723767664396007,120.5435727350567,16.325477956673375,LC4
2,0.3243695079183766,0.18350324000488172,131.85005972426666,14.780797044694607,LC4
2,0.337533441202865,0.1904998687992503,110.7700280817509,11.908815191645617,LC4
2,0.330366612738743,0.18667677637412794,123.35194746912342,16.996433472970214,LC4
2,0.3243994522188274,0.18351957443627498,131.8038626033444,14.688402802850105,LC4
2,0.32915940291124457,0.18601078065636045,131.21213439789315,18.277998277215715,LC4
2,0.3334245899654462,0.18829212047198496,113.67116930268503,13.73944521349444,LC4
2,0.3336334877547529,0.18841720034799891,118.54975158804835,17.174406890289845,LC4
2,0.32313777016827316,0.18283219528856876,125.34604484135838,10.755854394773097,LC4
2,0.3389497331886986,0.19131720059009183,105.69214281868545,17.878131457181457,LC4
2,0.33797860704011384,0.19076144089521563,106.35281301873614,10.749774613695955,LC4
2,0.33880985006344133,0.1912403069322579,110.36480867258228,17.461348441635774,LC4
2,0.3405051709169413,0.1921334021567418,104.35996865247787,11.275533946952855,LC4
2,0.34012587834014596,0.19193554163351223,105.54633605328337,10.038786010765474,LC4
2,0.3358483596884838,0.18963182300355186,115.74051992413443,13.55238585730473,LC4
2,0.3337310862113583,0.18846000602772506,117.25223374626844,14.579371206730027,LC4
2,0.33467257533501993,0.18896167104017536,112.19091653110291,10.778939670330216,LC4
2,0.3384868546909985,0.19106325387443235,110.12272606685289,16.675558849483195,LC4
2,0.339235941627436,0.1914645041568548,109.02930619344244,13.021715591723362,LC4
2,0.33722690021748747,0.1903272408939074,111.78334809014314,16.062007186717157,LC4
2,0.32462793166631343,0.18364152719783533,130.91642169819727,12.91352099255585,LC4
2,0.33326541595079107,0.1882017467114565,113.27972877557985,11.431961256628904,LC4
2,0.33829886499427175,0.19095312143717535,110.0517572777866,18.34336755551325,LC4
2,0.3343606444030627,0.1887773770639143,120.4613648518881,10.539553882715005,LC4
2,0.34077819455389147,0.19228103150314269,104.35645963045123,12.080291087782175,LC4
2,0.33651065352501064,0.18993346559015833,112.20422040450052,14.777199837144872,LC4
2,0.3334100560793729,0.18828573290383588,118.8925615314925,17.860026777178152,LC4
2,0.33622787392386044,0.18981468697715798,109.16090065941965,10.165359727046047,LC4
2,0.33910284457635953,0.19138433330326166,109.47388015433692,15.377867024451266,LC4
2,0.3403522877033254,0.19206191928482497,105.2944000917746,19.7291603646167,LC4
2,0.3383350662473674,0.19098198422220491,111.89910542223615,15.19026347684967,LC4
2,0.3334711622574247,0.1883192900993862,113.31835427228015,14.525423569070467,LC4
2,0.32490219515761964,0.18378137301831998,131.75274612440214,14.586169844965584,LC4
2,0.33389995213148893,0.18854362731170227,118.44884726940465,16.972598253002452,LC4
2,0.32795435574226417,0.18539150798625315,119.82659787319369,19.21435609208812,LC4
2,0.33327253827845027,0.1882207515376706,119.37922927556342,18.83336226531998,LC4
2,0.3238959900082534,0.18323253224292557,124.11814722054012,12.71216889996965,LC4
2,0.33416250537581504,0.18866392795830222,117.95945505853963,12.657554151345922,LC4
2,0.33387617129633895,0.18854160248579888,119.92332412013822,19.921551954469585,LC4
2,0.33025540834347566,0.18661817079969012,123.49704678872774,17.286632112178886,LC4
2,0.33797607293445253,0.19078955662695307,111.20635470487042,18.842816125518247,LC4
2,0.33410215324326487,0.18865217645399923,116.90013350648096,13.875170727155076,LC4
2,0.3359770465540777,0.189650004641976,113.6826293848267,17.734017797797243,LC4
2,0.36150242271355637,0.2031443468030858,68.06825761996978,17.80128070047307,LPLC1
2,0.36400742938171504,0.20432918052549098,67.2635005567314,16.191766573996265,LPLC1
2,0.34445799509370545,0.1942317887873628,91.42894055222817,11.84313757976262,LPLC1
2,0.35161765059423544,0.19807197733294402,77.66620470641288,19.46783008029335,LPLC1
2,0.3353082727850989,0.18930905911761897,108.01039140020362,18.226460758837764,LPLC1
2,0.3681439465325127,0.20631978840208376,65.76109591573451,15.139522864252061,LPLC1
2,0.33267499397868505,0.1878914193880945,115.90248191926663,12.960956906918586,LPLC1
2,0.33569960429107937,0.18953064649421947,106.24392449044967,14.693526939329894,LPLC1
2,0.3625770273341118,0.20365734849087858,67.63368901963611,18.884709072055262,LPLC1
2,0.3453808283023676,0.19471267507658752,88.62290559084525,12.720070612124205,LPLC1
2,0.339380005335542,0.1915623626751568,100.05325012920633,17.612522563373346,LPLC1
2,0.33353561063474046,0.18835489020010243,114.16584903415873,14.818984034529926,LPLC1
2,0.34335135288309004,0.19364173632928328,97.6955392664992,10.721411366550221,LPLC1
2,0.33261201353398917,0.1878490600881264,116.57327595686981,17.378747681810992,LPLC1
2,0.33324387198310035,0.18818967250801677,114.84668153604902,10.849356140483351,LPLC1
2,0.3453449279906948,0.19470489782081302,88.93058094538009,12.72865425067517,LPLC1
2,0.3395565835952681,0.19165456796126534,99.47959866866424,16.465219642289174,LPLC1
2,0.3409109289173813,0.1923540637749852,102.65961511758869,19.117255516794906,LPLC1
2,0.340589508515194,0.19219025942375367,101.80852959622072,19.927851073870194,LPLC1
2,0.3686098631498851,0.20653675299205076,66.66121447799773,19.858083357117398,LPLC1
2,0.34388358761508186,0.19392663739019156,92.56766095438275,13.202870364612835,LPLC1
2,0.3403642077814766,0.19208157546482596,98.10612905320244,16.494665721022074,LPLC1
2,0.3577911645676437,0.20121617940061753,71.23117440860725,15.305831918469359,LPLC1
2,0.3442781607451053,0.19413155705798602,94.59915913218163,10.438416663626619,LPLC1
2,0.33574636114393286,0.18953372653353995,117.45395164109527,15.385534466489466,LPLC1
2,0.3547635979637107,0.19966317888152219,73.21823998360864,10.571900634684896,LPLC1
2,0.3438890586920138,0.19392398084720242,94.91411644733489,17.895781350517133,LPLC1
2,0.35115302918863733,0.19783633039057236,77.74899287932834,18.988396179007495,LPLC1
2,0.33330229394704247,0.1882392230990888,113.62977060485478,19.643008705996976,LPLC1
2,0.34525243027114527,0.19464890163614257,91.72681671446097,14.662182525488964,LPLC1
2,0.3377458900172883,0.1907064634588238,101.78012296908335,16.960403686362643,LPLC1
2,0.3752477277578379,0.20981491247316342,56.59472647351182,13.414705422865033,LPLC1
2,0.34395508528245955,0.1939633706248287,94.6809964312848,13.394064390475789,LPLC1
2,0.3397886496534426,0.19176742345369746,106.47020937944657,14.697360929637242,LPLC1
2,0.33785045607655206,0.19068947178548967,110.86176975087916,10.593488709349483,LPLC1
2,0.3395450540776608,0.1916495936910394,100.41728415571679,18.34059061639427,LPLC1
2,0.3445861440356026,0.1942870782747974,90.82525125880133,16.536760414996724,LPLC1
2,0.3405691185026143,0.19218510503783648,97.74533763316587,12.996697571292422,LPLC1
2,0.3336945537788978,0.1884338160225667,113.17093114951447,19.89435626730423,LPLC1
2,0.3535301870847434,0.19903122472568668,75.47847271641989,15.092366100307359,LPLC1
2,0.3693178514839559,0.20692812821468465,64.4526572727683,12.522645578319645,LPLC1
2,0.3465803736619222,0.19536136458350484,86.14358975126876,14.530251437387822,LPLC1
2,0.33499348503858073,0.18913204723614285,109.49543755123405,12.543369070743358,LPLC1
2,0.3442619780123124,0.19410707958621742,92.30867810085044,11.080465031274146,LPLC1
2,0.36135030668251034,0.20305805058113435,68.4209366079642,18.506638676461876,LPLC1
2,0.34511636360021214,0.1945839623770098,87.37437992454632,10.223019279526312,LPLC1
2,0.3581557404004343,0.2014085390590168,69.6544885014299,12.152460104114647,LPLC1
2,0.34677181983438743,0.1954637746565453,85.03071675661778,16.73549258064076,LPLC1
2,0.34069679727672053,0.1922495576364298,102.4299713851943,14.000302951456083,LPLC1
2,0.3314446523039152,0.18723328965498354,118.84853565194238,18.8530643722701,LPLC1
2,0.34519884927186695,0.19457335959671695,86.18211281042525,11.818443986934748,LPLC4
2,0.34132258025864814,0.19255694857473316,94.74103100516953,11.517804761719034,LPLC4
2,0.3359438104433963,0.18963833861533885,104.34889832134897,18.172392724321494,LPLC4
2,0.3386323199208334,0.19113076378168614,97.7410829784898,10.163028636931449,LPLC4
2,0.33700660179512454,0.1901819499173456,102.84195067582615,15.158497433275878,LPLC4
2,0.3357366912980524,0.1895405404132049,104.34651955838078,15.799217211598108,LPLC4
2,0.3440590589291759,0.19397444908530304,88.16943597431087,19.44372304466462,LPLC4
2,0.3400336596116489,0.19186455027039528,98.06373754796549,18.163217847310975,LPLC4
2,0.3380442662043066,0.19076393307051376,100.86292185884778,11.200439799319136,LPLC4
2,0.336626070410162,0.19001573700640506,103.29913307548975,16.072862232603054,LPLC4
2,0.3374962831371988,0.19047616910995657,103.23542186916185,13.577021833160273,LPLC4
2,0.34510880943402356,0.19453386963365915,85.99539384400765,15.095638784058165,LPLC4
2,0.3360433877784885,0.18967345010167946,105.8916196023071,12.4078346483579,LPLC4
2,0.33991994546987314,0.19181160610365566,97.64250309679193,13.225419416602346,LPLC4
2,0.33962617729487476,0.19165400573477598,99.8429197539674,12.81362544506205,LPLC4
2,0.34477174732253957,0.19434746387295831,87.65382320971423,14.761864785512705,LPLC4
2,0.3426635906238005,0.19322420749257674,91.8046874684471,14.0640123253539,LPLC4
2,0.34260303325018526,0.19319103345848987,91.55214708428782,18.07189562790087,LPLC4
2,0.3399256907419499,0.19181564988521416,98.47791195008179,18.991566651543557,LPLC4
2,0.3394121482916148,0.19154800560983176,99.07823416812265,17.802387873322232,LPLC4
2,0.3434643122984795,0.1936446854762437,90.99250412427249,12.439645637004663,LPLC4
2,0.3343293179863167,0.1887641141881744,107.95333839166537,10.752978340741238,LPLC4
2,0.3360603283180268,0.1896811843890731,106.87663149675605,14.37785843725579,LPLC4
2,0.34619100161155814,0.1951019146630273,85.60659384129849,16.732795041010114,LPLC4
2,0.34077918405658636,0.19221352243650358,95.27615047596967,16.63919151766797,LPLC4
2,0.3421619063454955,0.19299941952091615,94.3333849030007,10.70251255738139,LPLC4
2,0.33568846285514553,0.18947799060201476,105.37608834329839,15.364576834516283,LPLC4
2,0.33692451720544625,0.19014768818883,102.84808154191171,10.308563231742886,LPLC4
2,0.3448084165767824,0.1943700129249919,86.85634210439656,13.166902574877325,LPLC4
2,0.33634795034929255,0.1898421257486973,103.67099569954775,16.816587480719054,LPLC4
2,0.3414973707902078,0.19265218548339647,95.00174281931413,19.704829574820568,LPLC4
2,0.3449932671004632,0.19449313657662515,86.58601615615228,19.577737380935254,LPLC4
2,0.34539618376081194,0.19468604167454373,85.96187121469544,15.028593525433735,LPLC4
2,0.3439296922880999,0.19389583247914288,88.1625326377136,19.42991637147008,LPLC4
2,0.34574653829263013,0.19487945448004496,86.1768554781039,17.873318314620906,LPLC4
2,0.3435810108430246,0.19370648130259838,89.94455289252909,14.856707244383387,LPLC4
2,0.33920202644407027,0.19143456649430846,98.82825728437854,17.302434105834017,LPLC4
2,0.3374863053441146,0.1905309257423795,103.02579948081524,16.664166330070884,LPLC4
2,0.33581604847594804,0.18954572525511537,107.15062445526429,18.913649058448073,LPLC4
2,0.335186418417436,0.18920898454710766,106.89394070496951,18.400281557858495,LPLC4
2,0.34404578401215247,0.19395567100505673,88.32984918777461,16.113916741633496,LPLC4
2,0.3472726307295346,0.19568310611572315,83.22338119980229,11.966369758017679,LPLC4
2,0.340486562694835,0.19211198746154423,96.28630667758108,14.608356106542121,LPLC4
2,0.3348891713898752,0.18905945923435752,107.51793125036286,15.660457944469417,LPLC4
2,0.34416487281757213,0.19401630787086788,88.91282691641159,12.793255292148393,LPLC4
2,0.34003552191396125,0.1918736006120696,97.1187406647371,13.883400866551137,LPLC4
2,0.3424187639310077,0.19313712375264913,94.11706587343353,17.935475683059334,LPLC4
2,0.3413442861835563,0.19251580611168606,94.58068912798885,19.616015644437432,LPLC4
2,0.34516329385051847,0.1945533362858214,86.87383601417989,16.852523124402666,LPLC4
2,0.3381462435435907,0.19084516647289718,99.59108203122277,11.788767305900418,LPLC4
2,0.3400560250905613,0.19188858485124172,96.3698227115919,12.385564960260705,LPLC4
2,0.33305487578380166,0.1880918127515656,113.47405583376815,13.435397633748755,LPLC1
2,0.3404302958747536,0.1920258270844073,97.46921079587679,17.237648990666006,Mixed
2,0.3538146737413399,0.19918012915012184,74.20970541393285,12.55483149533329,LPLC1
2,0.3405455172134282,0.19215277839093403,106.14338783406882,11.2328895723364,LC4
2,0.3377383540006633,0.19060549537741167,101.74256338025633,18.758634993749375,Mixed
2,0.3340283172567098,0.18858380424727272,110.06318545932,18.296596278495826,Mixed
2,0.3328215313307794,0.18797138323591867,115.73243190534212,12.620856879069564,LPLC1
2,0.34389082525603953,0.1939290664353024,95.01334339400685,19.01194326332001,LPLC1
2,0.34443778897089317,0.1941684497096361,89.17639274761213,13.320386954549463,LPLC4
2,0.3430785958067304,0.19343836273020543,91.06260062678638,17.092802712897978,Mixed
2,0.34442250990693424,0.1942131255316184,91.85344805799977,12.69215259130586,LPLC1
2,0.33998614180804054,0.19184073492446885,98.43285656748218,18.90145588634433,LPLC4
2,0.3360081593869353,0.18967530685054612,116.70564581138714,13.888922807073198,LPLC1
2,0.33713917796831083,0.1902896246382113,100.57780070842213,14.882739355002546,Mixed
2,0.3699742521031908,0.20725304081562967,65.93312989637995,18.401914193881847,Mixed
2,0.33984458013446783,0.1917206254124153,97.09415714829234,16.48754169549712,LPLC4
2,0.34049565067815024,0.1921375158030969,104.897274328979,18.934908839025486,Mixed
2,0.34272717026068733,0.19325361729275414,92.12587166632233,19.21934479196985,Mixed
2,0.3378199346487065,0.19064336710928842,112.18747264221835,11.169325963333591,Mixed
2,0.3744300386300523,0.20947670017463338,57.907103926669556,16.039460329180514,LPLC1
2,0.34473478731106866,0.1943823133220235,90.20577537590765,15.279043111730305,LPLC1
2,0.3429212892774274,0.19341166353258643,97.27026817254173,10.851328226512221,LPLC1
2,0.33859753523462643,0.1911024415624354,110.08609100506692,16.60228872591126,LC4
2,0.34033340703790316,0.1920320281506065,98.32168930576904,18.679121362918075,LPLC4
2,0.34963868189433356,0.19696503931869813,79.95490004924571,17.787078537647783,Mixed
2,0.3434321412514265,0.1936873054626318,95.45400233730847,11.45322639160945,LPLC1
2,0.3453550803076979,0.19468752346895712,90.41815213911569,13.045597398668436,LPLC1
2,0.34557566299811526,0.19477265893840467,86.645823998119,18.81125535465111,Mixed
2,0.3435608614333461,0.19375611564257156,92.89026951878881,14.765795512883935,LPLC1
2,0.3500530864657492,0.19718838943387595,77.80935934885514,12.071496492650374,Mixed
2,0.34985710345374343,0.1971066875885299,79.37469614691588,17.464806318228607,Mixed
2,0.33603303840735066,0.18965234184867086,107.16825316776465,18.94890648344876,Mixed
2,0.33588363327451987,0.1896095613147395,105.17854733819993,15.511718268885529,LPLC4
2,0.3305099224598962,0.18675206177113068,122.75948317909373,15.81150489291086,LC4
2,0.33675628795690216,0.19008067604056578,114.7630938976938,16.320568474284503,Mixed
2,0.34171013210612955,0.1927109786000898,94.5852890937901,13.89350241255793,Mixed
2,0.33955113362954137,0.19156803786574983,97.23891382546769,16.77705504984781,LPLC4
2,0.33748814961391815,0.19045113385762136,101.45456563884719,12.383727359317948,LPLC4
2,0.33653213283326977,0.18995602888819008,115.03255920199877,10.542749588296447,LPLC1
2,0.33369435070453335,0.18843339113797697,112.96060946253874,19.473712893352793,LPLC1
2,0.33463703299494796,0.18894145664610562,108.98716428263842,11.526822533552133,LPLC1
2,0.3372358828978861,0.19034113017340815,100.62551802877228,14.978173995702837,LPLC4
2,0.34245692799581207,0.1931572746063921,94.70555486019394,19.112453656580136,LPLC4
2,0.3354610243428908,0.18934948758736425,106.17985361491503,16.972107377749566,LPLC4
2,0.3324721389787868,0.1877789940083403,115.67878321548402,12.513559499353367,LPLC1
2,0.3375864424154429,0.19058832516202528,103.08417033820903,19.568498424614003,LPLC1
2,0.3405434628567434,0.19216301697221638,104.7131648906233,11.183271951990717,Mixed
2,0.338852445921205,0.19127745452010458,107.85329874711553,17.4635396649752,LPLC1
2,0.34066578206621045,0.19223014089023138,105.18081249912518,19.50198517931786,Mixed
