Synct,Peak_Depol_SIZ,Peak_Depol_SOMA,avg_dist_to_SIZ,Avg_syn_spread,avg_electrotonic_dist_syns,avg_electrotonic_dist_SIZ,Type
29,4.399389113327388,2.49251833595018,96.92923261161484,3.52717012535742,0.3457396191523732,1.0248327671034485,LPLC1
29,4.1535828523885385,2.361774222075468,107.87974267276103,3.529882868841349,0.3376826991507877,1.36587276931631,LPLC1
29,4.880184273249284,2.7440804625286574,65.65900501050855,6.725087844814964,0.3179982572943644,0.603170292907538,LPLC1
29,4.143796737439871,2.3564495290610807,102.86306346363946,4.414542083811083,0.24753200205834888,1.3390388647922906,LPLC4
29,3.186886159877716,1.844005455132617,139.38187475338324,4.925611303803217,0.1466654021525617,2.382412922415262,Mixed
29,4.648824920408842,2.623157618467417,93.23236077210468,5.867360336627564,0.24777661532088038,0.5756227614553094,LPLC1
29,4.524043063155148,2.5575288408227124,92.53536520174814,4.428392241796352,0.24202021325656703,0.7352234395201344,Mixed
29,4.443563318873146,2.514469857212333,111.09555267848177,6.423756495388015,0.30653867809538926,0.8491468403182019,Mixed
29,3.1499313967824776,1.824184253046937,124.53848955857471,5.019389425915524,0.14543085309400722,2.459654111093043,LC4
29,3.631313433191849,2.083720121091858,132.55193223871507,5.025103472393048,0.21180090276527058,1.9459299148219875,LC4
29,4.992306712712477,2.7997698058077134,59.98078898618354,5.940429648092316,0.31885852578396623,0.5884374745886377,LPLC1
29,4.0581061771372475,2.3115249194374456,100.15805600251505,2.9745530534599327,0.1857143929561135,1.464322406945662,LPLC4
29,4.4035282638635636,2.494702846479342,91.05202048506074,3.248120968575527,0.23875232376807634,0.9935262713480498,LPLC1
29,4.4005757538136265,2.49293305260494,104.0602410488412,3.6814945189565473,0.35444563722363776,1.036482383105276,LPLC1
29,4.375417662342798,2.480018638446836,95.06771875238282,2.4740157720251834,0.27046375176709125,1.0220390421391408,LPLC1
29,4.346444257126635,2.4647123328126526,93.01695067907941,2.9419345449552115,0.32022262224846,1.1502493191285112,LPLC1
29,4.050138940083286,2.307361447587212,108.48736026120072,2.8289704936522138,0.20989631538805012,1.4963075276582167,LPLC1
29,4.748066940723945,2.676092620950513,71.10463739656083,4.367423742270825,0.3658052194401172,0.7310882966666776,LPLC1
29,4.591056947184043,2.592785348828329,97.89251857714392,5.69673734469919,0.40947817376024337,0.8122596329389995,Mixed
29,4.332223016929987,2.456067666509796,98.64906735153869,3.9303252645050306,0.35350025471180024,1.1219159223243718,LPLC4
29,4.4289839263043405,2.506938569156617,65.64325545867091,2.4452262231216797,0.25393575000417157,1.3928904939574624,LPLC1
29,3.581759040608773,2.057107076648819,123.94265135296813,3.090164015666022,0.14881417851938958,1.9793262002072607,LPLC1
29,4.808859951901539,2.7002645047812024,55.38587023760788,10.157188150411354,0.7200844001242811,1.3577903874285229,Mixed
29,4.170102044176005,2.3707329710245233,96.07801339196345,3.20958457678635,0.19524575678925202,1.3171022495814644,Mixed
29,4.4035282638635636,2.494702846479342,91.05202048506074,3.248120968575527,0.23875232376807634,0.9935262713480498,LPLC1
29,4.403577816446443,2.4944373006632787,102.7244959822206,3.183560942002145,0.17453748193244792,0.8326727564632587,LC4
29,4.52095240354295,2.557701098951455,75.09527055717567,2.718831814174597,0.4338063671647581,1.1210366241938248,LPLC1
29,4.628374347334116,2.6125144631597976,92.78256152488746,6.3579564325333795,0.35059117550572894,0.7148184207135092,LPLC1
29,3.904171161134684,2.229891289721351,110.40165517594902,6.544520061725683,0.2584338240522652,1.7106800602604555,LPLC4
29,4.585840171804733,2.5903068261374074,88.41326734305927,3.3285673725001037,0.12726602354475253,0.5687541658255385,LPLC1
29,4.0575917306512395,2.311302101755132,98.78294738232684,6.0468504317306335,0.36430522466511495,1.647055902800602,Mixed
29,4.2058829755991525,2.389397207931708,108.71193219656111,4.813306750923653,0.2924102277040155,1.2847247014262644,LC4
29,4.40523847864803,2.49421554854635,112.47623810358557,4.053743754089275,0.2267175948377647,0.8279138261882093,LC4
29,4.682968459493722,2.6416481751821834,84.50567032998188,5.48982190568862,0.2821600003991713,0.6066717421658786,Mixed
29,4.27568924615565,2.426026295092143,102.16352724861011,3.266015645779954,0.21231902721805562,1.0819732607220562,Mixed
29,3.988537550478938,2.27477129927658,98.00929071110217,3.129149593383674,0.17432330722543893,1.5827153079160892,Mixed
29,3.9283419538751616,2.2425284412710624,109.5240609910881,2.715259572272292,0.08829375071470366,1.511971153507472,Mixed
29,4.157244763329118,2.3634305518357337,119.00137652322726,5.510109767213033,0.4425133582029581,1.4107467218930032,LC4
29,4.060421817091921,2.312800251202873,108.34005824479851,2.7956390807989817,0.20497217830417863,1.4752925561571897,LPLC1
29,3.924942724581271,2.240432144845684,121.60610961202242,3.473993758294556,0.20914029284183389,1.6053823818513548,LPLC1
29,4.361080819102725,2.471149368384161,109.82474873693228,4.467249340989537,0.21593523309727533,0.9254575898471176,Mixed
29,4.637867968089381,2.617611999908874,88.88855592375809,6.982767404026711,0.2748198255759586,0.6253244942786845,Mixed
29,4.404721959353978,2.4950357906938763,102.66335569698535,3.168533801081092,0.1783809761995053,0.834829802459076,LC4
29,4.3760234663154876,2.480454428454834,89.11251542050039,2.1608369906343072,0.2557710550491531,1.0584083756459355,LPLC4
29,4.3760234663154876,2.480454428454834,89.11251542050039,2.160836990634307,0.2557710550491531,1.0584083756459355,LPLC4
29,4.338113463847435,2.461290492177312,76.1411494254205,2.252549936082473,0.1596318854070977,1.2218458402045598,LPLC1
29,4.18294759028646,2.3769829458237837,119.45635163597427,5.631860038793038,0.415148047581098,1.3545803550022015,LC4
29,4.746337932251734,2.6752062868206252,76.91615850338862,8.004297870914904,0.28278199237830726,0.5791198933307188,LPLC1
29,4.272600986503747,2.424347895759155,113.06017872594039,3.904206873841642,0.20820839815857503,1.0686985939427927,LC4
29,4.283636610109696,2.430006448655888,116.31773487954679,4.428238965332338,0.2968640558634098,1.0829153179070565,LC4
29,4.880184273249284,2.7440804625286574,65.65900501050855,6.725087844814962,0.3179982572943644,0.603170292907538,LPLC1
29,4.422744192817831,2.5050608592457877,81.70088610921518,2.5950546484133064,0.1606536921908562,0.9547967688974455,Mixed
29,4.3621926923458005,2.4740064716319665,75.4479528173306,1.9039748908357625,0.10726444375279161,1.1312903080083556,LPLC1
29,4.641302661018486,2.6177597723021933,65.7267452573201,1.8889108854560352,0.19632095886553383,1.0053569835499323,LPLC1
29,4.827158905456912,2.713863002929102,62.80818301491809,4.196811117615611,0.3139075531115679,0.8260670274096253,LPLC1
29,4.28257283631109,2.4297524498872036,99.96563698944779,4.543976101232041,0.3394183927169719,1.187827332665985,Mixed
29,3.99840241514363,2.279717029446175,119.03090408090006,6.326729426761343,0.35133997339848105,1.5791230044862177,Mixed
29,4.373670632898325,2.4782845540600533,104.27020556759757,3.893215239190972,0.22103826156269196,0.9291905705620497,LC4
29,4.275343412393823,2.4256261631328613,116.26904685683459,5.204890374149169,0.26157025530507194,1.0903625780183746,Mixed
29,4.141357425647172,2.355524327044847,102.24095088889685,3.8584846489576288,0.1894629867550712,1.33902436951516,Mixed
29,4.469109419112911,2.529108312376067,83.77300745812848,3.401356921361137,0.2729944240409768,0.942453221234807,Mixed
29,4.7132018174521875,2.6540854928010447,65.3669676723039,2.8044163940407305,0.2881578724105,1.0189872168740506,Mixed
29,4.332074247283472,2.457386978584438,83.73356026408227,2.7931646647400874,0.1804892127408775,1.1325329163316316,Mixed
29,4.457113876218443,2.52275449598001,91.87124382143395,2.5784979535317,0.23897958952819973,0.8901699117822489,LPLC1
29,3.581759040608773,2.057107076648819,123.94265135296813,3.0901640156660215,0.14881417851938955,1.9793262002072607,LPLC1
29,4.992306712712477,2.7997698058077134,59.98078898618354,5.940429648092317,0.31885852578396623,0.5884374745886377,LPLC1
29,4.478684814774738,2.535409509532215,74.00857714040255,2.408847708956325,0.18846517459804518,1.001429758263644,LPLC1
29,4.58100900272143,2.5875665098688785,97.18438104530455,5.098848872875344,0.34293845538011464,0.7653983746354577,Mixed
29,4.200630705009715,2.386891412924058,95.58468988489815,3.0645488703055737,0.14659251989416178,1.2235512154787775,Mixed
29,4.250063967989732,2.4123791769839045,115.31930911482048,4.079920627290595,0.2785282527891743,1.1407144790318173,LC4
29,3.9769922352361533,2.268362278453651,108.71640120584476,6.4749426141012725,0.25415363010215497,1.6068602976627917,LPLC4
29,4.644194954746283,2.621077142510174,88.02374108112186,4.179941079401748,0.36316330586773304,0.7233781799333655,LPLC1
29,3.924942724581271,2.240432144845684,121.60610961202242,3.473993758294557,0.20914029284183389,1.6053823818513548,LPLC1
29,3.9283419538751616,2.2425284412710624,109.52406099108809,2.715259572272292,0.08829375071470365,1.511971153507472,Mixed
29,4.429204575363926,2.50779921158248,89.0932086386067,4.023790919071875,0.23427991806359627,0.9359480948311744,LPLC4
29,4.452865137957701,2.5201124702064277,106.8752216282609,4.45606952690877,0.28745148758770167,0.8596707131475816,LC4
29,4.4262566048549985,2.5065257951984705,85.92596263851733,3.227828413300617,0.3666749928484345,1.1009223226144866,LPLC4
29,4.386439255550329,2.484923285909346,100.76452670976005,5.316833610965386,0.3381863637614611,0.9992519395535552,LPLC1
29,4.415040346962996,2.500210075378078,96.63766678501685,3.997220087469364,0.21370944417537388,0.8449756190072114,Mixed
29,4.225804818402295,2.401194873591109,91.92718251604236,2.950301008890359,0.238493853589137,1.2944051473049498,Mixed
29,4.134278181291521,2.3513617727424077,105.7319991176861,2.808786022466346,0.14611692831107445,1.2665656446289617,LPLC4
29,4.0575917306512395,2.311302101755132,98.78294738232684,6.0468504317306335,0.36430522466511495,1.647055902800602,Mixed
29,4.545635136442556,2.569188588945039,89.82320884777906,2.56795244627012,0.14868660358431987,0.650318011291898,LPLC1
29,4.304847181125865,2.441419933075565,101.55970291547493,3.702281065046748,0.23924531826987888,1.0579185647523326,Mixed
29,4.46864487557076,2.528742656059805,96.2633977784992,3.579525971891341,0.29981614162744497,0.8634493510571724,LPLC1
29,4.3008804844933906,2.440634533404264,95.05647036598886,3.747932862752147,0.32574035450404687,1.1997824882319728,Mixed
29,4.258496861341683,2.417922411737962,101.79816199765021,4.215394019621465,0.3387742228665222,1.254528007060774,LC4
29,4.04255126146478,2.303196284730845,99.89590688969403,3.6872411855554503,0.1527943672940785,1.473235012971114,Mixed
29,4.08994259406326,2.3278295333904424,125.13101382410139,4.148920581733655,0.19930134098371802,1.3279907052842446,LC4
29,4.449273104824769,2.5186434274963716,92.01588256399833,2.621866313782094,0.254694887840578,0.9194609322217369,LPLC1
29,3.882061376306069,2.217044109664897,119.89918177664073,5.113241089804746,0.2727400470609551,1.7075033978287075,LPLC1
29,3.9017849081500913,2.2281895279139263,119.14445989918387,4.805922846839174,0.22026746741357003,1.6603732923324663,LC4
29,4.245670543297621,2.4113860067896127,91.72846442947743,2.2989271624640097,0.15278966396764365,1.1755673123883918,Mixed
29,4.40523847864803,2.49421554854635,112.47623810358557,4.053743754089275,0.2267175948377647,0.8279138261882093,LC4
29,4.20256764758318,2.389039812668557,95.88826338522377,4.330711576837518,0.3322867054662211,1.3951536410072365,LPLC1
29,4.141618587924583,2.355648051143831,97.15041522228765,2.8212380762677722,0.12030952037266805,1.2946189857659196,Mixed
29,4.547566118241122,2.570761755958017,80.08703430251121,4.887700744183877,0.6001188268212307,1.1620515650626018,Mixed
29,4.220612156801565,2.3979705673185947,91.96712677199636,2.4455186811555474,0.2200024887161362,1.2766794933630512,Mixed
29,4.61156065354524,2.6035906097057477,94.68735349870518,5.280852301285587,0.30372580150391143,0.6826383931590944,LPLC1
29,4.225804818402295,2.401194873591109,91.92718251604236,2.950301008890359,0.238493853589137,1.2944051473049498,Mixed
29,3.7853107008444624,2.165626239140437,120.1874228753455,3.6585021243239995,0.227312600043718,1.8229268269174839,LPLC1
29,4.069977214944103,2.3173858499253583,105.4345630715519,3.8888523337986785,0.18783034047702885,1.4020985868276208,Mixed
29,4.20256764758318,2.389039812668557,95.88826338522377,4.330711576837518,0.3322867054662211,1.3951536410072365,LPLC1
29,3.914904155237579,2.2352726491214554,118.83098374766966,4.526996358783403,0.21159340992677098,1.635322559177455,LC4
29,5.008533701810492,2.8042229376435728,54.56188915075876,7.236343795242248,0.46652755317129274,0.8221433348225987,Mixed
29,4.313251997314154,2.445540078597446,116.54992899098549,7.2712189511336955,0.3086252611407836,1.0590499647062186,LC4
29,4.2288897263018725,2.402400466545288,91.89586711531092,2.3814941553541757,0.2015520897685589,1.2477136637480923,Mixed
29,4.377330086056659,2.4795530090773212,112.344668184916,3.498990705984626,0.2888972172431022,0.9445386489606638,LPLC1
29,4.424980169195251,2.5061396848370094,89.23786777510118,2.6500179748985,0.28133631012080895,1.0003099962432647,LPLC1
29,4.880184273249284,2.7440804625286574,65.65900501050855,6.725087844814964,0.3179982572943644,0.603170292907538,LPLC1
29,4.367330419167956,2.475540058738602,94.29482080848604,3.923837071556547,0.32035326163029987,1.079233883095444,Mixed
29,4.476616746764009,2.5327308900515675,88.20631638927946,3.4884072722932244,0.2152749501813808,0.8426995693702498,Mixed
29,4.451193851422971,2.5196926203529557,90.4898946196074,3.332004258997738,0.23293557623899824,0.9031605980223671,LPLC1
29,3.564270704061073,2.0479659204829517,118.83358395062594,5.621093852514025,0.27441104083805495,2.1285326243203126,LC4
29,4.55222585883773,2.573223674778916,84.57071343192058,5.153354956964279,0.4699768190849442,0.9926788297233842,LPLC1
29,4.243396755511284,2.4090588686986365,113.47545889603501,2.8028632125552053,0.35609154195825615,1.2455834099746432,LPLC1
29,4.121489608002619,2.3446201007158862,115.52303690940201,3.66473652113876,0.25443986197936436,1.3630296267184892,LC4
29,4.5288998096716,2.5588283847502424,67.05466860982715,4.314187006902397,0.25174025578917275,1.2430409930167194,LPLC1
29,3.3915712624036303,1.95401967839706,135.4296735352684,4.98260584300865,0.1808172123348008,2.195417208076896,LC4
29,4.46226788622252,2.5250307378148733,106.58869540798655,4.301909293750586,0.2980171677452987,0.8546203914814596,LC4
29,4.617493267416876,2.606791820896291,93.13866147138225,6.15265286572806,0.3135920991663104,0.6925106358202335,LPLC1
29,4.748066940723945,2.676092620950513,71.10463739656083,4.367423742270825,0.36580521944011724,0.7310882966666776,LPLC1
29,4.673168122203435,2.636137375486584,89.42313500933993,6.342400145474869,0.23352688743136224,0.5419918703658607,LPLC1
29,4.243396755511284,2.4090588686986365,113.47545889603501,2.8028632125552053,0.35609154195825626,1.2455834099746432,LPLC1
29,4.04255126146478,2.303196284730845,99.89590688969403,3.687241185555451,0.1527943672940785,1.4732350129711138,Mixed
29,4.258496861341683,2.417922411737962,101.7981619976502,4.215394019621465,0.33877422286652215,1.2545280070607736,LC4
29,4.58100900272143,2.5875665098688785,97.18438104530455,5.098848872875344,0.34293845538011464,0.7653983746354577,Mixed
29,4.0383946490290015,2.3009962482001214,100.17608414447119,3.911020553470076,0.1611279145113234,1.4881596080897461,Mixed
29,4.063110968080736,2.314174524015101,100.2364031078734,3.1901269792527702,0.1854946203335076,1.4578439626207236,LPLC4
29,4.1894661894674385,2.3822680494797623,86.35370133292437,2.717083440154212,0.2059876322480836,1.3569325451803937,LPLC4
29,4.3760234663154876,2.480454428454834,89.11251542050037,2.1608369906343072,0.2557710550491531,1.0584083756459357,LPLC4
29,3.914904155237579,2.2352726491214554,118.83098374766966,4.526996358783402,0.21159340992677098,1.635322559177455,LC4
29,4.2845516231587055,2.4313158929686978,105.75187058383653,3.6478032742402573,0.37394506846899356,1.255806800444815,LPLC1
29,4.10329648529914,2.335672689421841,93.58392439852256,4.277874717472459,0.2374571367563564,1.4793002851014634,LPLC4
29,4.494289707644938,2.5421559300865937,96.60319372561604,4.948201761544846,0.38911826226378765,0.9374747411480332,LPLC1
29,4.58100900272143,2.5875665098688785,97.18438104530455,5.098848872875344,0.34293845538011464,0.7653983746354577,Mixed
29,4.196462212042107,2.384686669147925,95.6834980458966,3.0370540052847956,0.14835708296994998,1.2323251888495792,Mixed
29,4.283636610109696,2.430006448655888,116.31773487954679,4.428238965332338,0.2968640558634098,1.0829153179070565,LC4
29,3.593089934344434,2.063359400390951,118.4397289358823,5.400554735712239,0.26633773299935937,2.0901658640189487,LC4
29,4.1086732586574755,2.3380142331022427,112.14229172095004,2.5863056369933557,0.18937648266832094,1.300465900099297,LPLC1
29,4.547566118241122,2.570761755958017,80.08703430251121,4.887700744183877,0.6001188268212307,1.1620515650626018,Mixed
29,4.487073573639449,2.5381701740688243,93.19563360182926,3.003390554590179,0.2415858036902958,0.7918652198350388,Mixed
29,4.61156065354524,2.6035906097057477,94.68735349870518,5.280852301285587,0.30372580150391143,0.6826383931590944,LPLC1
29,4.170102044176005,2.3707329710245233,96.07801339196344,3.2095845767863493,0.19524575678925202,1.3171022495814644,Mixed
29,4.351230550259729,2.465941075782453,110.28708377143414,4.887435625503307,0.2487438499690336,0.9746203356839672,Mixed
29,4.238363414471422,2.406420896562011,100.2067230417216,3.307038849874503,0.2281720321593768,1.162743238129051,LPLC4
29,4.52095240354295,2.557701098951455,75.09527055717567,2.718831814174597,0.4338063671647581,1.1210366241938248,LPLC1
29,4.20256764758318,2.389039812668557,95.88826338522377,4.330711576837518,0.3322867054662211,1.3951536410072365,LPLC1
29,4.345997531479966,2.4645777945888767,95.45427907611707,8.943106281701056,0.5436527917750674,1.3504157508643548,Mixed
29,4.042289079075303,2.3030622991146146,109.71066244695612,4.002483342063391,0.31563930614431684,1.5254108117843197,LPLC1
